Source,Target
Gustave,Flaubert
Madame Bovary,Flaubert
Madame Bovary,Gustave
Marie-Antoine-Jules Senard,Flaubert
Marie-Antoine-Jules Senard,Gustave
Marie-Antoine-Jules Senard,Madame Bovary
EX-PRESIDENT,Flaubert
EX-PRESIDENT,Gustave
EX-PRESIDENT,Madame Bovary
EX-PRESIDENT,Marie-Antoine-Jules Senard
Cher,Flaubert
Cher,Gustave
Cher,Madame Bovary
Cher,Marie-Antoine-Jules Senard
Cher,EX-PRESIDENT
GUSTAVE FLAUBERT Paris,EX-PRESIDENT
GUSTAVE FLAUBERT Paris,Cher
Louis Bouilhet,Cher
Louis Bouilhet,GUSTAVE FLAUBERT Paris
I,GUSTAVE FLAUBERT Paris
I,Louis Bouilhet
Monsieur Roger,GUSTAVE FLAUBERT Paris
Monsieur Roger,Louis Bouilhet
Monsieur Roger,I
Charles Bovary,Charbovari
Charles Bovary,Charbovari
Quos,Charles Bovary
Picardie,Caux
Madame Bovary,M. Bovary
M.,Angelus
Charles,Angelus
Charles,M.
Charles,M.
Madame,M.
Madame,Charles
Madame,Charles
Monsieur,Charles
Monsieur,Charles
Monsieur,Madame
Charles,Madame
Charles,Monsieur
Rouen,Charles
Rouen,Madame
Rouen,Monsieur
Rouen,Charles
Saint-Romain,Charles
Saint-Romain,Madame
Saint-Romain,Monsieur
Saint-Romain,Charles
Saint-Romain,Rouen
Eau-de-Robec,Anacharsis
Venise,Rouen
M. Bovary,Béranger
Charles,M. Bovary
Tostes,M. Bovary
Tostes,Charles
Bovary,Charles
Bovary,Tostes
Charles,Tostes
Charles,Bovary
Tostes,Bovary
Tostes,Charles
Dieppe,Tostes
Dieppe,Bovary
Dieppe,Charles
Dieppe,Tostes
Quoiqu',Tostes
Quoiqu',Bovary
Quoiqu',Charles
Quoiqu',Tostes
Quoiqu',Dieppe
Dubuc,Charles
Dubuc,Tostes
Dubuc,Dieppe
Dubuc,Quoiqu'
Bovary,Tostes
Bovary,Dieppe
Bovary,Quoiqu'
Bovary,Dubuc
Charles,Tostes
Charles,Dieppe
Charles,Quoiqu'
Charles,Dubuc
Charles,Bovary
II,Charles
Nastasie,II
Charles,Nastasie
Nastasie,Charles
Madame,Nastasie
Madame,Charles
Madame,Nastasie
M. Bovary,Charles
M. Bovary,Nastasie
M. Bovary,Madame
Bertaux,Charles
Bertaux,Nastasie
Bertaux,Madame
Bertaux,M. Bovary
Tostes,Charles
Tostes,Nastasie
Tostes,Madame
Tostes,M. Bovary
Tostes,Bertaux
Bertaux,Charles
Bertaux,Nastasie
Bertaux,Madame
Bertaux,M. Bovary
Bertaux,Tostes
Longueville,Charles
Longueville,Nastasie
Longueville,Madame
Longueville,M. Bovary
Longueville,Bertaux
Longueville,Tostes
Longueville,Bertaux
Saint-Victor,Charles
Saint-Victor,Nastasie
Saint-Victor,Madame
Saint-Victor,M. Bovary
Saint-Victor,Bertaux
Saint-Victor,Tostes
Saint-Victor,Bertaux
Saint-Victor,Longueville
Madame Bovary,Charles
Madame Bovary,Nastasie
Madame Bovary,Madame
Madame Bovary,M. Bovary
Madame Bovary,Bertaux
Madame Bovary,Tostes
Madame Bovary,Bertaux
Madame Bovary,Longueville
Madame Bovary,Saint-Victor
Charles,Madame
Charles,M. Bovary
Charles,Bertaux
Charles,Tostes
Charles,Bertaux
Charles,Longueville
Charles,Saint-Victor
Charles,Madame Bovary
Charles,Tostes
Charles,Bertaux
Charles,Longueville
Charles,Saint-Victor
Charles,Madame Bovary
Bertaux,Longueville
Bertaux,Saint-Victor
Bertaux,Madame Bovary
Bertaux,Charles
Bertaux,Charles
Charles,Bertaux
Charles,Vassonville
M. Rouault,Vassonville
M. Rouault,Charles
Bertaux,M. Rouault
Charles,Bertaux
Bertaux,Charles
Charles,M. Bovary
Emma,Charles
Emma,Charles
Charles,Emma
Dieppe,Emma
Dieppe,Charles
M. Rouault,Dieppe
Charles,M. Rouault
Mademoiselle Rouault,Minerve
Rouault,Charles
Mademoiselle Emma,Rouault
Charles,Mademoiselle Emma
Bertaux,Mademoiselle Emma
Bertaux,Charles
Rouault,Bertaux
M. Bovary,Bertaux
M. Bovary,Rouault
Rouault,M. Bovary
Yvetot,Rouault
Yvetot,M. Bovary
Yvetot,Rouault
Rouen,Rouault
Rouen,M. Bovary
Rouen,Rouault
Rouen,Yvetot
Charles,Rouault
Charles,M. Bovary
Charles,Rouault
Charles,Yvetot
Charles,Rouen
Bertaux,Rouault
Bertaux,M. Bovary
Bertaux,Rouault
Bertaux,Yvetot
Bertaux,Rouen
Bertaux,Charles
Emma,Rouault
Lorsqu',Rouault
Lorsqu',Emma
Bertaux,Charles
Bovary,Charles
Bovary,Bertaux
M. Rouault,Charles
M. Rouault,Bertaux
M. Rouault,Bovary
Rouault,Charles
Rouault,Bertaux
Rouault,Bovary
Rouault,M. Rouault
Bertaux,Charles
M. Rouault,Charles
M. Rouault,Bertaux
Rouault,Bertaux
Rouault,M. Rouault
Charles,Rouault
Bertaux,Rouault
Bertaux,Charles
Héloïse,Charles
Héloïse,Bertaux
Ingouville,Charles
Dubuc,Charles
Dubuc,Ingouville
Héloïse,Ingouville
Héloïse,Dubuc
Saint-François,Ingouville
Saint-François,Dubuc
Saint-François,Héloïse
Dieppe,Dubuc
Dieppe,Héloïse
Dieppe,Saint-François
Dieu,Héloïse
Dieu,Saint-François
Dieu,Dieppe
M. Bovary,Saint-François
M. Bovary,Dieppe
M. Bovary,Dieu
Tostes,Dieppe
Tostes,Dieu
Tostes,M. Bovary
Héloïse,Dieu
Héloïse,M. Bovary
Héloïse,Tostes
Charles,M. Bovary
Charles,Tostes
Charles,Héloïse
Charles,Tostes
Charles,Héloïse
Dieu,Héloïse
Dieu,Charles
Dieu,Charles
Charles,Dieu
III,Dieu
III,Charles
Rouault,Dieu
Rouault,Charles
Rouault,III
Charles,Dieu
Charles,III
Charles,Rouault
Dieu,Charles
Charles,Bovary
Bertaux,Bovary
Bertaux,Charles
Rouault,Bovary
Rouault,Charles
Rouault,Bertaux
Emma,Bertaux
Emma,Charles
Charles,Emma
Emma,Rouault
Bertaux,Emma
Charles,Bertaux
Rouault,Bertaux
Rouault,Charles
Charles,Lorsqu'
Rouault,Lorsqu'
Rouault,Charles
Charles,Rouault
Bertaux,Rouault
Bertaux,Charles
Rouault,Charles
Rouault,Bertaux
Charles,Bertaux
Charles,Rouault
Rouault,Charles
Rouault,Bertaux
Rouault,Charles
Charles,Bertaux
Charles,Rouault
Charles,Rouault
Rouault,Charles
Rouault,Charles
Rouault,Charles
Rouault,Charles
Rouault,Charles
Rouault,Charles
Charles,Rouault
Charles,Rouault
Charles,Rouault
Charles,Rouault
Emma,Charles
Rouault,Charles
Rouault,Emma
Charles,Emma
Charles,Rouault
Mademoiselle Rouault,Emma
Mademoiselle Rouault,Rouault
Mademoiselle Rouault,Charles
Rouen,Emma
Rouen,Rouault
Rouen,Charles
Rouen,Mademoiselle Rouault
Charles,Mademoiselle Rouault
Charles,Rouen
Emma,Mademoiselle Rouault
Emma,Rouen
Emma,Charles
Rouault,Rouen
Rouault,Charles
Rouault,Emma
IV,Emma
IV,Rouault
Goderville,IV
Normanville,IV
Normanville,Goderville
Cany,IV
Cany,Goderville
Cany,Normanville
Charles,Emma
Rouault,Emma
Rouault,Charles
Bovary,Emma
Bovary,Charles
Bovary,Rouault
M. Bovary,Emma
M. Bovary,Charles
M. Bovary,Rouault
M. Bovary,Bovary
Savoie,Yvetot
Jusqu',Savoie
Rouault,Bertaux
Madame Bovary,Rouault
Saint-Victor,Madame Bovary
Charles,Madame Bovary
Charles,Saint-Victor
Rouault,Charles
Vassonville,Charles
Vassonville,Rouault
Lorsqu',Charles
Lorsqu',Rouault
Lorsqu',Vassonville
Noël,Lorsqu'
Charles,M.
Tostes,M.
Tostes,Charles
Madame,M.
Madame,Charles
Madame,Tostes
V,M.
V,Charles
V,Tostes
V,Madame
Charles,Hippocrate
Charles,Emma
Emma,Charles
VI,Emma
Paul,Emma
Paul,VI
Virginie,Emma
Virginie,VI
Virginie,Paul
Domingo,Emma
Domingo,VI
Domingo,Paul
Domingo,Virginie
Lorsqu',VI
Lorsqu',Paul
Lorsqu',Virginie
Lorsqu',Domingo
Saint-Gervais,VI
Saint-Gervais,Paul
Saint-Gervais,Virginie
Saint-Gervais,Domingo
Saint-Gervais,Lorsqu'
Vallière,Domingo
Vallière,Lorsqu'
Vallière,Saint-Gervais
M.,Vallière
Jésus,M.
Walter Scott,Emma
Marie Stuart,Walter Scott
Jeanne,Marie Stuart
Héloïse,Marie Stuart
Héloïse,Jeanne
Agnès Sorel,Marie Stuart
Agnès Sorel,Jeanne
Agnès Sorel,Héloïse
Clémence Isaure,Marie Stuart
Clémence Isaure,Jeanne
Clémence Isaure,Héloïse
Clémence Isaure,Agnès Sorel
Louis,Marie Stuart
Louis,Jeanne
Louis,Héloïse
Louis,Agnès Sorel
Louis,Clémence Isaure
Louis XI,Marie Stuart
Louis XI,Jeanne
Louis XI,Héloïse
Louis XI,Agnès Sorel
Louis XI,Clémence Isaure
Louis XI,Louis
Saint-Barthélemy,Marie Stuart
Saint-Barthélemy,Jeanne
Saint-Barthélemy,Héloïse
Saint-Barthélemy,Agnès Sorel
Saint-Barthélemy,Clémence Isaure
Saint-Barthélemy,Louis
Saint-Barthélemy,Louis XI
Louis XIV,Jeanne
Louis XIV,Héloïse
Louis XIV,Agnès Sorel
Louis XIV,Clémence Isaure
Louis XIV,Louis
Louis XIV,Louis XI
Louis XIV,Saint-Barthélemy
Bertaux,Emma
Emma,Bertaux
Charles,Emma
Bertaux,Emma
Bertaux,Charles
Rouen,Charles
Paris,Charles
Paris,Rouen
Bovary,Emma
Charles,Emma
Charles,Bovary
Emma,Bovary
Bovary,Emma
Dubuc,Emma
Dubuc,Bovary
Charles,Emma
Charles,Bovary
Charles,Dubuc
Emma,Bovary
Emma,Dubuc
Emma,Charles
Emma,Dubuc
Emma,Charles
Charles,Emma
Charles,Emma
Bovary,Emma
Bovary,Charles
Emma,Charles
Emma,Bovary
Charles,Emma
Monsieur,Charles
Madame,Charles
Madame,Monsieur
Italie,Charles
Italie,Monsieur
Italie,Madame
Banneville,Monsieur
Banneville,Madame
Banneville,Italie
Dieu,Emma
Caux,Djali
Emma,Caux
Djali,Emma
Tostes,Emma
Tostes,Djali
Vaubyessard,Djali
Vaubyessard,Tostes
Andervilliers,Djali
Andervilliers,Tostes
Andervilliers,Vaubyessard
Charles,Vaubyessard
Charles,Andervilliers
Tostes,Charles
Vaubyessard,Charles
Vaubyessard,Tostes
M.,Charles
M.,Tostes
M.,Vaubyessard
Bovary,Charles
Bovary,Tostes
Bovary,Vaubyessard
Bovary,M.
Emma,Charles
Emma,Tostes
Emma,Vaubyessard
Emma,M.
Emma,Bovary
M.,Vaubyessard
M.,Bovary
M.,Emma
Bovary,Vaubyessard
Bovary,M.
Bovary,Emma
Bovary,M.
Vaubyessard,M.
Vaubyessard,Bovary
Vaubyessard,Emma
Vaubyessard,M.
Vaubyessard,Bovary
Charles,Emma
Charles,M.
Charles,Bovary
Charles,Vaubyessard
VIII,M.
VIII,Bovary
VIII,Vaubyessard
VIII,Charles
Jean-Antoine d'Andervilliers d'Yverbonville,Emma
Vaubyessard,Emma
Vaubyessard,Jean-Antoine d'Andervilliers d'Yverbonville
Fresnaye,Emma
Fresnaye,Jean-Antoine d'Andervilliers d'Yverbonville
Fresnaye,Vaubyessard
Coutras,Emma
Coutras,Jean-Antoine d'Andervilliers d'Yverbonville
Coutras,Vaubyessard
Coutras,Fresnaye
Jean-Antoine-Henry-Guy d'Andervilliers,Emma
Jean-Antoine-Henry-Guy d'Andervilliers,Jean-Antoine d'Andervilliers d'Yverbonville
Jean-Antoine-Henry-Guy d'Andervilliers,Vaubyessard
Jean-Antoine-Henry-Guy d'Andervilliers,Fresnaye
Jean-Antoine-Henry-Guy d'Andervilliers,Coutras
Vaubyessard,Jean-Antoine d'Andervilliers d'Yverbonville
Vaubyessard,Fresnaye
Vaubyessard,Coutras
Vaubyessard,Jean-Antoine-Henry-Guy d'Andervilliers
France,Jean-Antoine d'Andervilliers d'Yverbonville
France,Vaubyessard
France,Fresnaye
France,Coutras
France,Jean-Antoine-Henry-Guy d'Andervilliers
France,Vaubyessard
Hougue-Saint-Vaast,Jean-Antoine d'Andervilliers d'Yverbonville
Hougue-Saint-Vaast,Vaubyessard
Hougue-Saint-Vaast,Fresnaye
Hougue-Saint-Vaast,Coutras
Hougue-Saint-Vaast,Jean-Antoine-Henry-Guy d'Andervilliers
Hougue-Saint-Vaast,Vaubyessard
Hougue-Saint-Vaast,France
Vaubyessard,Jean-Antoine d'Andervilliers d'Yverbonville
Vaubyessard,Fresnaye
Vaubyessard,Coutras
Vaubyessard,Jean-Antoine-Henry-Guy d'Andervilliers
Vaubyessard,France
Vaubyessard,Hougue-Saint-Vaast
Brunissant,Vaubyessard
Brunissant,Fresnaye
Brunissant,Coutras
Brunissant,Jean-Antoine-Henry-Guy d'Andervilliers
Brunissant,Vaubyessard
Brunissant,France
Brunissant,Hougue-Saint-Vaast
Brunissant,Vaubyessard
Laverdière,Madame Bovary
Artois,Madame Bovary
Artois,Laverdière
Vaudreuil,Laverdière
Vaudreuil,Artois
Conflans,Laverdière
Conflans,Artois
Conflans,Vaudreuil
Marie-Antoinette,Laverdière
Marie-Antoinette,Artois
Marie-Antoinette,Vaudreuil
Marie-Antoinette,Conflans
MM,Laverdière
MM,Artois
MM,Vaudreuil
MM,Conflans
MM,Marie-Antoinette
Coigny,Laverdière
Coigny,Artois
Coigny,Vaudreuil
Coigny,Conflans
Coigny,Marie-Antoinette
Coigny,MM
Lauzun,Laverdière
Lauzun,Artois
Lauzun,Vaudreuil
Lauzun,Conflans
Lauzun,Marie-Antoinette
Lauzun,MM
Lauzun,Coigny
Emma,Vaudreuil
Emma,Conflans
Emma,Marie-Antoinette
Emma,MM
Emma,Coigny
Emma,Lauzun
Champagne,Emma
Emma,Champagne
Emma,Champagne
Charles,Emma
Charles,Emma
Emma,Charles
Charles,Emma
Emma,Charles
Emma,Charles
Charles,Emma
Italie,Emma
Saint-Pierre,Emma
Saint-Pierre,Italie
Tivoli,Emma
Tivoli,Italie
Tivoli,Saint-Pierre
Vésuve,Emma
Vésuve,Italie
Vésuve,Saint-Pierre
Vésuve,Tivoli
Castellamare,Emma
Castellamare,Italie
Castellamare,Saint-Pierre
Castellamare,Tivoli
Castellamare,Vésuve
Cassines,Emma
Cassines,Italie
Cassines,Saint-Pierre
Cassines,Tivoli
Cassines,Vésuve
Cassines,Castellamare
Gênes,Emma
Gênes,Italie
Gênes,Saint-Pierre
Gênes,Tivoli
Gênes,Vésuve
Gênes,Castellamare
Gênes,Cassines
Colisée,Emma
Colisée,Italie
Colisée,Saint-Pierre
Colisée,Tivoli
Colisée,Vésuve
Colisée,Castellamare
Colisée,Cassines
Colisée,Gênes
Emma,Italie
Emma,Saint-Pierre
Emma,Tivoli
Emma,Vésuve
Emma,Castellamare
Emma,Cassines
Emma,Gênes
Emma,Colisée
Arabelle,Emma
Arabelle,Italie
Arabelle,Saint-Pierre
Arabelle,Tivoli
Arabelle,Vésuve
Arabelle,Castellamare
Arabelle,Cassines
Arabelle,Gênes
Arabelle,Colisée
Arabelle,Emma
Romulus,Emma
Romulus,Italie
Romulus,Saint-Pierre
Romulus,Tivoli
Romulus,Vésuve
Romulus,Castellamare
Romulus,Cassines
Romulus,Gênes
Romulus,Colisée
Romulus,Emma
Romulus,Arabelle
Angleterre,Italie
Angleterre,Saint-Pierre
Angleterre,Tivoli
Angleterre,Vésuve
Angleterre,Castellamare
Angleterre,Cassines
Angleterre,Gênes
Angleterre,Colisée
Angleterre,Emma
Angleterre,Arabelle
Angleterre,Romulus
Bovary,Arabelle
Bovary,Romulus
Bovary,Angleterre
Bertaux,Angleterre
Bertaux,Bovary
Espagne,Emma
Rhin,Emma
Rhin,Espagne
Trafalgar,Emma
Trafalgar,Espagne
Trafalgar,Rhin
Charles,Espagne
Charles,Rhin
Charles,Trafalgar
Emma,Trafalgar
Emma,Charles
Andervilliers,Charles
Andervilliers,Emma
Bovary,Charles
Bovary,Emma
Bovary,Andervilliers
Emma,Bovary
Emma,Charles
Andervilliers,Charles
Bovary,Charles
Tostes,Charles
Tostes,Bovary
Emma,Charles
Emma,Bovary
Emma,Tostes
Charles,Bovary
Charles,Tostes
Charles,Emma
Thibourville,Bovary
Thibourville,Tostes
Thibourville,Emma
Thibourville,Charles
Emma,Charles
Emma,Thibourville
Charles,Thibourville
Charles,Emma
Nastasie,Madame
Emma,Madame
Emma,Nastasie
Charles,Madame
Charles,Nastasie
Charles,Emma
Emma,Madame
Emma,Nastasie
Emma,Charles
Nastasie,Madame
Nastasie,Emma
Nastasie,Charles
Nastasie,Emma
Charles,Nastasie
Emma,Charles
Vaubyessard,Emma
Emma,Vaubyessard
IX,Emma
Charles,IX
Paris,Tostes
Paris,Tostes
Eugène Sue,Sylphe
Balzac,Sylphe
Balzac,Eugène Sue
George Sand,Sylphe
George Sand,Eugène Sue
George Sand,Balzac
Charles,Eugène Sue
Charles,Balzac
Charles,George Sand
Paris,George Sand
Paris,Charles
Emma,Charles
Emma,Paris
Emma,Paris
Bade,Angleterre
Nastasie,Charles
Tostes,Charles
Tostes,Nastasie
Emma,Charles
Emma,Nastasie
Emma,Tostes
Madame,Tostes
Madame,Emma
Félicité,Emma
Félicité,Madame
Madame,Félicité
Charles,Paris
Rouen,Charles
Charles,Rouen
Bovary,Emma
France,Emma
France,Bovary
Charles,Emma
Charles,Bovary
Charles,France
Yvetot,Bovary
Yvetot,France
Yvetot,Charles
Charles,Bovary
Charles,France
Charles,Yvetot
Emma,Bovary
Emma,France
Emma,Charles
Emma,Yvetot
Emma,Charles
Charles,Bovary
Charles,France
Charles,Yvetot
Charles,Emma
Vaubyessard,Andervilliers
Dieu,Vaubyessard
Érard,Dieu
Bovary,Rouen
Bovary,Charles
Tostes,Charles
Tostes,Bovary
Tostes,Bovary
Emma,Tostes
Emma,Tostes
Bovary,Tostes
Bovary,Emma
Emma,Tostes
Emma,Bovary
Lorsqu',Emma
Rouault,Lorsqu'
Tostes,Rouault
Charles,Rouault
Charles,Tostes
Emma,Rouault
Emma,Tostes
Emma,Charles
Dieu,Vaubyessard
Charles,Vaubyessard
Charles,Dieu
Cologne,Charles
Tostes,Charles
Tostes,Cologne
Charles,Cologne
Charles,Tostes
Charles,Cologne
Charles,Tostes
Tostes,Cologne
Tostes,Charles
Tostes,Charles
Rouen,Tostes
Rouen,Charles
Rouen,Charles
Rouen,Tostes
Charles,Tostes
Charles,Rouen
Neufchâtel,Charles
Neufchâtel,Tostes
Neufchâtel,Rouen
Neufchâtel,Charles
Yonville-l'Abbaye,Charles
Yonville-l'Abbaye,Tostes
Yonville-l'Abbaye,Rouen
Yonville-l'Abbaye,Charles
Yonville-l'Abbaye,Neufchâtel
Emma,Charles
Emma,Neufchâtel
Emma,Yonville-l'Abbaye
Bovary,Tostes
I,Tostes
I,Bovary
Yonville-l'Abbaye,Tostes
Yonville-l'Abbaye,Bovary
Yonville-l'Abbaye,I
Rouen,Tostes
Rouen,Bovary
Rouen,I
Rouen,Yonville-l'Abbaye
Abbeville,Tostes
Abbeville,Bovary
Abbeville,I
Abbeville,Yonville-l'Abbaye
Abbeville,Rouen
Beauvais,Tostes
Beauvais,Bovary
Beauvais,I
Beauvais,Yonville-l'Abbaye
Beauvais,Rouen
Beauvais,Abbeville
Rieule,Tostes
Rieule,Bovary
Rieule,I
Rieule,Yonville-l'Abbaye
Rieule,Rouen
Rieule,Abbeville
Rieule,Beauvais
Andelle,Tostes
Andelle,Bovary
Andelle,I
Andelle,Yonville-l'Abbaye
Andelle,Rouen
Andelle,Abbeville
Andelle,Beauvais
Andelle,Rieule
Boissière,I
Boissière,Yonville-l'Abbaye
Boissière,Rouen
Boissière,Abbeville
Boissière,Beauvais
Boissière,Rieule
Boissière,Andelle
Leux,Rouen
Leux,Abbeville
Leux,Beauvais
Leux,Rieule
Leux,Andelle
Leux,Boissière
Bray,Boissière
Bray,Leux
Argueil,Bray
Saint-Jean,Argueil
Normandie,Argueil
Normandie,Saint-Jean
Picardie,Argueil
Picardie,Saint-Jean
Picardie,Normandie
Île-de-France,Argueil
Île-de-France,Saint-Jean
Île-de-France,Normandie
Île-de-France,Picardie
Neufchâtel,Normandie
Neufchâtel,Picardie
Neufchâtel,Île-de-France
Jusqu',Normandie
Jusqu',Picardie
Jusqu',Île-de-France
Jusqu',Neufchâtel
Yonville,Normandie
Yonville,Picardie
Yonville,Île-de-France
Yonville,Neufchâtel
Yonville,Jusqu'
Abbeville,Île-de-France
Abbeville,Neufchâtel
Abbeville,Jusqu'
Abbeville,Yonville
Amiens,Neufchâtel
Amiens,Jusqu'
Amiens,Yonville
Amiens,Abbeville
Rouen,Neufchâtel
Rouen,Jusqu'
Rouen,Yonville
Rouen,Abbeville
Rouen,Amiens
Flandres,Neufchâtel
Flandres,Jusqu'
Flandres,Yonville
Flandres,Abbeville
Flandres,Amiens
Flandres,Rouen
Yonville-l'Abbaye,Neufchâtel
Yonville-l'Abbaye,Jusqu'
Yonville-l'Abbaye,Yonville
Yonville-l'Abbaye,Abbeville
Yonville-l'Abbaye,Amiens
Yonville-l'Abbaye,Rouen
Yonville-l'Abbaye,Flandres
Paris,Yonville
Bengale,M. Homais
Vichy,M. Homais
Vichy,Bengale
Seltz,M. Homais
Seltz,Bengale
Seltz,Vichy
Barèges,M. Homais
Barèges,Bengale
Barèges,Vichy
Barèges,Seltz
Raspail,M. Homais
Raspail,Bengale
Raspail,Vichy
Raspail,Seltz
Raspail,Barèges
Darcet,Bengale
Darcet,Vichy
Darcet,Seltz
Darcet,Barèges
Darcet,Raspail
Regnault,Bengale
Regnault,Vichy
Regnault,Seltz
Regnault,Barèges
Regnault,Raspail
Regnault,Darcet
Homais,Bengale
Homais,Vichy
Homais,Seltz
Homais,Barèges
Homais,Raspail
Homais,Darcet
Homais,Regnault
Homais,Seltz
Homais,Barèges
Homais,Raspail
Homais,Darcet
Homais,Regnault
Yonville,Homais
Yonville,Homais
Saint-Jean,Homais
Saint-Jean,Yonville
M.,Lestiboudois
Yonville,Lestiboudois
Yonville,M.
Bovary,Yonville
Yonville,Bovary
Lefrançois,Yonville
Lefrançois,Bovary
Lefrançois,Yonville
Polyte,Artémise
Homais,Artémise
Homais,Polyte
M. Homais,Polyte
M. Homais,Homais
Lefrançois,Polyte
Lefrançois,Homais
Lefrançois,M. Homais
Tellier,M. Homais
Tellier,Lefrançois
Pologne,Tellier
Lyon,Tellier
Lyon,Pologne
Homais,Tellier
Homais,Pologne
Homais,Lyon
M. Binet,Hivert
M. Léon,Hivert
M. Léon,M. Binet
Binet,M. Léon
Lefrançois,Ernemont
Angelus,Ernemont
Angelus,Lefrançois
Homais,Lefrançois
Dieu,Lefrançois
Dieu,Homais
Dieu de Socrate,Dieu
Franklin,Dieu
Franklin,Dieu de Socrate
Voltaire,Dieu
Voltaire,Dieu de Socrate
Voltaire,Franklin
Béranger,Dieu
Béranger,Dieu de Socrate
Béranger,Franklin
Béranger,Voltaire
Dieu,Dieu de Socrate
Dieu,Franklin
Dieu,Voltaire
Dieu,Béranger
Hivert,Yonville
Hivert,Bovary
Emma,Bovary
Emma,Hivert
Charles,Bovary
Charles,Hivert
Charles,Emma
M. Lheureux,Bovary
M. Lheureux,Hivert
M. Lheureux,Emma
M. Lheureux,Charles
Constantinople,Hivert
Constantinople,Emma
Constantinople,Charles
Constantinople,M. Lheureux
Paris,Hivert
Paris,Emma
Paris,Charles
Paris,M. Lheureux
Paris,Constantinople
II,Constantinople
II,Paris
Emma,Constantinople
Emma,Paris
Emma,II
Félicité,Constantinople
Félicité,Paris
Félicité,II
Félicité,Emma
M. Lheureux,Constantinople
M. Lheureux,Paris
M. Lheureux,II
M. Lheureux,Emma
M. Lheureux,Félicité
Charles,Constantinople
Charles,Paris
Charles,II
Charles,Emma
Charles,Félicité
Charles,M. Lheureux
Homais,II
Homais,Emma
Homais,Félicité
Homais,M. Lheureux
Homais,Charles
Madame,II
Madame,Emma
Madame,Félicité
Madame,M. Lheureux
Madame,Charles
Madame,Homais
Monsieur,II
Monsieur,Emma
Monsieur,Félicité
Monsieur,M. Lheureux
Monsieur,Charles
Monsieur,Homais
Monsieur,Madame
Madame Bovary,II
Madame Bovary,Emma
Madame Bovary,Félicité
Madame Bovary,M. Lheureux
Madame Bovary,Charles
Madame Bovary,Homais
Madame Bovary,Madame
Madame Bovary,Monsieur
Guillaumin,Yonville
M. Léon Dupuis,Yonville
M. Léon Dupuis,Guillaumin
Binet,Yonville
Binet,Guillaumin
Binet,M. Léon Dupuis
Lefrançois,Binet
Homais,Binet
Homais,Lefrançois
Madame,Binet
Madame,Lefrançois
Madame,Homais
Emma,Binet
Emma,Lefrançois
Emma,Homais
Emma,Madame
Charles,Homais
Charles,Madame
Charles,Emma
Léon,Madame
Léon,Emma
Léon,Charles
Bovary,Madame
Bovary,Emma
Bovary,Charles
Bovary,Léon
Fahrenheit,Réaumur
Argueil,Réaumur
Argueil,Fahrenheit
Saint-Jean,Réaumur
Saint-Jean,Fahrenheit
Saint-Jean,Argueil
Russie,Seine
Bovary,Seine
Bovary,Russie
M. Léon,Bovary
Bovary,M. Léon
Léon,M. Léon
Léon,Bovary
Suisse,M. Léon
Suisse,Bovary
Suisse,Léon
Homais,Bovary
Léon,Bovary
Léon,Homais
Yonville,Léon
Tuvache,Léon
Tuvache,Yonville
Emma,Léon
Emma,Yonville
Emma,Tuvache
Paris,Yonville
Paris,Tuvache
Paris,Emma
M.,Tuvache
M.,Emma
M.,Paris
Yanoda,Tuvache
Yanoda,Emma
Yanoda,Paris
Yanoda,M.
Yonville,Paris
Yonville,M.
Yonville,Yanoda
Charles,Madame
Léon,Madame
Léon,Charles
Emma,Léon
Tostes,Yonville
Emma,Yonville
Emma,Tostes
Madame,Yonville
Madame,Tostes
Madame,Emma
Voltaire,Yonville
Voltaire,Tostes
Voltaire,Emma
Voltaire,Madame
Rousseau,Yonville
Rousseau,Tostes
Rousseau,Emma
Rousseau,Madame
Rousseau,Voltaire
Delille,Yonville
Delille,Tostes
Delille,Emma
Delille,Madame
Delille,Voltaire
Delille,Rousseau
Walter Scott,Yonville
Walter Scott,Tostes
Walter Scott,Emma
Walter Scott,Madame
Walter Scott,Voltaire
Walter Scott,Rousseau
Walter Scott,Delille
Rouen,Tostes
Rouen,Emma
Rouen,Madame
Rouen,Voltaire
Rouen,Rousseau
Rouen,Delille
Rouen,Walter Scott
Buchy,Madame
Buchy,Voltaire
Buchy,Rousseau
Buchy,Delille
Buchy,Walter Scott
Buchy,Rouen
Neufchâtel,Madame
Neufchâtel,Voltaire
Neufchâtel,Rousseau
Neufchâtel,Delille
Neufchâtel,Walter Scott
Neufchâtel,Rouen
Neufchâtel,Buchy
Yonville,Madame
Yonville,Voltaire
Yonville,Rousseau
Yonville,Delille
Yonville,Walter Scott
Yonville,Rouen
Yonville,Buchy
Yonville,Neufchâtel
Artémise,Voltaire
Artémise,Rousseau
Artémise,Delille
Artémise,Walter Scott
Artémise,Rouen
Artémise,Buchy
Artémise,Neufchâtel
Artémise,Yonville
Léon,Buchy
Léon,Neufchâtel
Léon,Yonville
Léon,Artémise
Bovary,Buchy
Bovary,Neufchâtel
Bovary,Yonville
Bovary,Artémise
Bovary,Léon
Charles,Léon
Charles,Bovary
Paris,Bovary
Paris,Charles
Tostes,Charles
Tostes,Paris
Yonville,Charles
Yonville,Paris
Yonville,Tostes
Félicité,Charles
Félicité,Paris
Félicité,Tostes
Félicité,Yonville
Madame Lefrançois,Paris
Madame Lefrançois,Tostes
Madame Lefrançois,Yonville
Madame Lefrançois,Félicité
M.,Paris
M.,Tostes
M.,Yonville
M.,Félicité
M.,Madame Lefrançois
Bovary,Paris
Bovary,Tostes
Bovary,Yonville
Bovary,Félicité
Bovary,Madame Lefrançois
Bovary,M.
Lorsqu',Tostes
Lorsqu',Yonville
Lorsqu',Félicité
Lorsqu',Madame Lefrançois
Lorsqu',M.
Lorsqu',Bovary
M.,Félicité
M.,Madame Lefrançois
M.,Bovary
M.,Lorsqu'
Emma,Lorsqu'
Emma,M.
Vaubyessard,Tostes
III,Tostes
III,Vaubyessard
Léon,III
M. Binet,III
M. Binet,Léon
Yonville,M. Binet
M. Homais,Yonville
Homais,Yonville
Homais,M. Homais
Homais,Yonville
Homais,M. Homais
Justin,M. Homais
Justin,Homais
Justin,Homais
M. Homais,Homais
M. Homais,Homais
M. Homais,Justin
Bovary,M. Homais
Bovary,Homais
Bovary,Homais
Bovary,Justin
Bovary,M. Homais
Lestiboudois,M. Homais
Lestiboudois,Bovary
Yonville,Bovary
Yonville,Lestiboudois
XI,Lestiboudois
XI,Yonville
I,Lestiboudois
I,Yonville
I,XI
Homais,Yonville
Homais,XI
Homais,I
Rouen,Yonville
Rouen,XI
Rouen,I
Rouen,Homais
M.,Yonville
M.,XI
M.,I
M.,Homais
M.,Rouen
M. Bovary,Seltz
Homais,Seltz
Homais,M. Bovary
Charles,M. Bovary
Charles,Homais
Tostes,Charles
Madame,Charles
Madame,Tostes
Tostes,Madame
Yonville,Tostes
Yonville,Madame
Yonville,Tostes
Quincampoix,Tostes
Quincampoix,Madame
Quincampoix,Tostes
Quincampoix,Yonville
Georges,Charles
Homais,Charles
Lefrançois,Charles
Lefrançois,Homais
Clara,Charles
Clara,Homais
Clara,Lefrançois
Louisa,Charles
Louisa,Homais
Louisa,Lefrançois
Louisa,Clara
Amanda,Charles
Amanda,Homais
Amanda,Lefrançois
Amanda,Clara
Amanda,Louisa
Atala,Homais
Atala,Lefrançois
Atala,Clara
Atala,Louisa
Atala,Amanda
Galsuinde,Homais
Galsuinde,Lefrançois
Galsuinde,Clara
Galsuinde,Louisa
Galsuinde,Amanda
Galsuinde,Atala
Yseult,Homais
Yseult,Lefrançois
Yseult,Clara
Yseult,Louisa
Yseult,Amanda
Yseult,Atala
Yseult,Galsuinde
Léocadie,Homais
Léocadie,Lefrançois
Léocadie,Clara
Léocadie,Louisa
Léocadie,Amanda
Léocadie,Atala
Léocadie,Galsuinde
Léocadie,Yseult
Charles,Lefrançois
Charles,Clara
Charles,Louisa
Charles,Amanda
Charles,Atala
Charles,Galsuinde
Charles,Yseult
Charles,Léocadie
Emma,Clara
Emma,Louisa
Emma,Amanda
Emma,Atala
Emma,Galsuinde
Emma,Yseult
Emma,Léocadie
Emma,Charles
M. Léon,Clara
M. Léon,Louisa
M. Léon,Amanda
M. Léon,Atala
M. Léon,Galsuinde
M. Léon,Yseult
M. Léon,Léocadie
M. Léon,Charles
M. Léon,Emma
Madeleine,Clara
Madeleine,Louisa
Madeleine,Amanda
Madeleine,Atala
Madeleine,Galsuinde
Madeleine,Yseult
Madeleine,Léocadie
Madeleine,Charles
Madeleine,Emma
Madeleine,M. Léon
Bovary,Clara
Bovary,Louisa
Bovary,Amanda
Bovary,Atala
Bovary,Galsuinde
Bovary,Yseult
Bovary,Léocadie
Bovary,Charles
Bovary,Emma
Bovary,M. Léon
Bovary,Madeleine
M. Homais,Louisa
M. Homais,Amanda
M. Homais,Atala
M. Homais,Galsuinde
M. Homais,Yseult
M. Homais,Léocadie
M. Homais,Charles
M. Homais,Emma
M. Homais,M. Léon
M. Homais,Madeleine
M. Homais,Bovary
Napoléon,M. Léon
Napoléon,Madeleine
Napoléon,Bovary
Napoléon,M. Homais
Franklin,M. Léon
Franklin,Madeleine
Franklin,Bovary
Franklin,M. Homais
Franklin,Napoléon
Irma,M. Léon
Irma,Madeleine
Irma,Bovary
Irma,M. Homais
Irma,Napoléon
Irma,Franklin
Athalie,Madeleine
Athalie,Bovary
Athalie,M. Homais
Athalie,Napoléon
Athalie,Franklin
Athalie,Irma
Lorsqu',Athalie
Racine,Lorsqu'
Emma,Lorsqu'
Emma,Racine
Vaubyessard,Lorsqu'
Vaubyessard,Racine
Vaubyessard,Emma
Berthe,Lorsqu'
Berthe,Racine
Berthe,Emma
Berthe,Vaubyessard
Rouault,Racine
Rouault,Emma
Rouault,Vaubyessard
Rouault,Berthe
M. Homais,Racine
M. Homais,Emma
M. Homais,Vaubyessard
M. Homais,Berthe
M. Homais,Rouault
M. Homais,Rouault
Dieu,Rouault
Dieu,M. Homais
Dieu,M. Homais
M. Léon,M. Homais
M. Léon,M. Homais
M. Léon,Dieu
Bovary,M. Homais
Bovary,Dieu
Bovary,M. Léon
M. Bovary,M. Homais
M. Bovary,Dieu
M. Bovary,M. Léon
M. Bovary,Bovary
Bournisien,M. Homais
Bournisien,Dieu
Bournisien,M. Léon
Bournisien,Bovary
Bournisien,M. Bovary
Bovary,M. Homais
Bovary,Dieu
Bovary,M. Léon
Bovary,M. Bovary
Bovary,Bournisien
Homais,Dieu
Homais,M. Léon
Homais,Bovary
Homais,M. Bovary
Homais,Bournisien
Homais,Bovary
M. Bovary,Bournisien
M. Bovary,Bovary
M. Bovary,Homais
Yonville,Bournisien
Yonville,Bovary
Yonville,Homais
Yonville,M. Bovary
Cologne,M. Bovary
Cologne,Yonville
Berlin,Cologne
Vienne,Cologne
Vienne,Berlin
Strasbourg,Cologne
Strasbourg,Berlin
Strasbourg,Vienne
Charles,Cologne
Charles,Berlin
Charles,Vienne
Charles,Strasbourg
Bovary,Cologne
Bovary,Berlin
Bovary,Vienne
Bovary,Strasbourg
Bovary,Charles
M. Bovary,Charles
M. Bovary,Bovary
Emma,Charles
Emma,Bovary
Emma,M. Bovary
Rolet,M. Bovary
Rolet,Emma
Emma,Rolet
M. Léon,Emma
Lheureux,Emma
Lheureux,M. Léon
Madame Bovary,Emma
Madame Bovary,M. Léon
Madame Bovary,Lheureux
Léon,Emma
Léon,M. Léon
Léon,Lheureux
Léon,Madame Bovary
Yonville,Lheureux
Yonville,Madame Bovary
Yonville,Léon
Tuvache,Lheureux
Tuvache,Madame Bovary
Tuvache,Léon
Tuvache,Yonville
Bovary,Lheureux
Bovary,Madame Bovary
Bovary,Léon
Bovary,Yonville
Bovary,Tuvache
Emma,Mathieu Laensberg
Léon,Mathieu Laensberg
Léon,Emma
Madame Bovary,Emma
Madame Bovary,Léon
Camus,Madame Bovary
Emma,Camus
Rolet,Camus
Rolet,Emma
Bovary,Emma
Bovary,Rolet
Emma,Bovary
Rolet,Emma
Emma,Rolet
M. Léon,Rolet
M. Léon,Emma
Yonville,Emma
Yonville,M. Léon
Bovary,Emma
Rouen,Bovary
Léon,Bovary
Argueil,Bovary
Argueil,Léon
Homais,Argueil
M. Guillaumin,Argueil
M. Guillaumin,Homais
Normandie,Homais
Normandie,M. Guillaumin
M. Tuvache,Binet
Emma,Binet
Emma,M. Tuvache
Charles,M. Tuvache
Charles,Emma
Léon,Emma
Léon,Charles
IV,Emma
IV,Charles
IV,Léon
Emma,Charles
Emma,Léon
Emma,IV
Léon,Charles
Léon,IV
Léon,Emma
Emma,IV
Emma,Léon
M. Homais,Emma
Homais,M. Homais
France,Homais
Madame,Homais
Madame,France
Homais,Madame
Justin,Homais
M. Homais,Homais
M. Homais,Justin
Félicité,Homais
Félicité,Justin
Félicité,M. Homais
Homais,M. Homais
Homais,Félicité
Bovary,Homais
M. Homais,Bovary
Emma,Bovary
Emma,M. Homais
Léon,Bovary
Léon,M. Homais
Léon,Emma
Emma,Léon
Léon,Emma
Léon,Emma
M. Homais,Emma
M. Homais,Léon
M. Homais,Léon
Charles,Emma
Charles,Léon
Charles,Léon
Charles,M. Homais
Léon,M. Homais
Léon,Charles
Emma,Léon
Emma,M. Homais
Emma,Charles
Emma,Léon
Léon,M. Homais
Léon,Charles
Léon,Emma
M. Bovary,Léon
M. Bovary,Emma
M. Bovary,Léon
Rouen,M. Bovary
Léon,M. Bovary
Léon,Rouen
Madame,M. Bovary
Madame,Rouen
Madame,Léon
Léon,M. Binet
Homais,M. Binet
Homais,Léon
M. Homais,M. Binet
M. Homais,Léon
M. Homais,Homais
Justin,M. Binet
Justin,Léon
Justin,Homais
Justin,M. Homais
Binet,Homais
Binet,M. Homais
Binet,Justin
Charles,Emma
Madame,Emma
Madame,Charles
Emma,Charles
Emma,Madame
M.,V
Bovary,V
Bovary,M.
Homais,V
Homais,M.
Homais,Bovary
M. Léon,V
M. Léon,M.
M. Léon,Bovary
M. Léon,Homais
Yonville,V
Yonville,M.
Yonville,Bovary
Yonville,Homais
Yonville,M. Léon
Napoléon,V
Napoléon,M.
Napoléon,Bovary
Napoléon,Homais
Napoléon,M. Léon
Napoléon,Yonville
Athalie,V
Athalie,M.
Athalie,Bovary
Athalie,Homais
Athalie,M. Léon
Athalie,Yonville
Athalie,Napoléon
Justin,V
Justin,M.
Justin,Bovary
Justin,Homais
Justin,M. Léon
Justin,Yonville
Justin,Napoléon
Justin,Athalie
M. Binet,Homais
Emma,Homais
Emma,M. Binet
Charles,Homais
Charles,M. Binet
Charles,Emma
Léon,Charles
Emma,Léon
Napoléon,Emma
Justin,Emma
Justin,Napoléon
Charles,Emma
Charles,Napoléon
Charles,Justin
Yonville,Napoléon
Yonville,Justin
Yonville,Charles
Madame Bovary,Napoléon
Madame Bovary,Justin
Madame Bovary,Charles
Madame Bovary,Yonville
Charles,Napoléon
Charles,Justin
Charles,Yonville
Charles,Madame Bovary
Léon,Yonville
Léon,Madame Bovary
Léon,Charles
Athalie,Yonville
Athalie,Madame Bovary
Athalie,Charles
Athalie,Léon
M. Léon,Charles
Lheureux,Charles
Lheureux,M. Léon
Routot,Lheureux
Binet,Routot
Madame,Routot
Madame,Binet
Madame Bovary,Madame
M. Lheureux,Madame
M. Lheureux,Madame Bovary
Emma,Madame Bovary
Emma,M. Lheureux
Emma,M. Lheureux
Tellier,Emma
M. Bovary,Emma
M. Bovary,Tellier
Tellier,M. Bovary
Bovary,Monsieur
Emma,Monsieur
Emma,Bovary
Léon,Monsieur
Léon,Bovary
Léon,Emma
Bovary,Emma
Bovary,Léon
Rouen,Léon
Léon,Rouen
Emma,Léon
Emma,Rouen
Emma,Léon
Dieu,Léon
Dieu,Emma
Charles,Léon
Charles,Emma
Charles,Dieu
M. Bovary,Dieu
M. Bovary,Charles
Emma,Charles
Emma,M. Bovary
Homais,Charles
Homais,M. Bovary
Homais,Emma
Emma,M. Bovary
Emma,Homais
Berthe,Homais
Berthe,Emma
Félicité,Homais
Félicité,Emma
Félicité,Berthe
Bovary,Emma
Bovary,Berthe
Bovary,Félicité
Yonvillais,Berthe
Yonvillais,Félicité
Yonvillais,Bovary
Sachette,Berthe
Sachette,Félicité
Sachette,Bovary
Sachette,Yonvillais
Notre-Dame de Paris,Berthe
Notre-Dame de Paris,Félicité
Notre-Dame de Paris,Bovary
Notre-Dame de Paris,Yonvillais
Notre-Dame de Paris,Sachette
Charles,Berthe
Charles,Félicité
Charles,Bovary
Charles,Yonvillais
Charles,Sachette
Charles,Notre-Dame de Paris
Léon,Notre-Dame de Paris
Léon,Charles
Emma,Léon
Léon,Emma
Léon,Emma
Léon,Charles
Monsieur,Léon
Emma,Monsieur
Félicité,Monsieur
Félicité,Emma
Guérine,Monsieur
Guérine,Emma
Guérine,Félicité
Guérin,Monsieur
Guérin,Emma
Guérin,Félicité
Guérin,Guérine
Pollet,Monsieur
Pollet,Emma
Pollet,Félicité
Pollet,Guérine
Pollet,Guérin
Dieppe,Monsieur
Dieppe,Emma
Dieppe,Félicité
Dieppe,Guérine
Dieppe,Guérin
Dieppe,Pollet
VI,Emma
Lestiboudois,Emma
Lestiboudois,VI
Angelus,Emma
Angelus,VI
Angelus,Lestiboudois
Angelus,Lestiboudois
Bournisien,Bovary
Bovary,Bournisien
Paul,Emma
M. Bovary,Emma
M. Bovary,Paul
Emma,Paul
Emma,M. Bovary
Riboudet,Emma
Emma,Riboudet
Boudet,Emma
Boudet,Riboudet
Boudet,Emma
Riboudet,Emma
Riboudet,Boudet
Maromme,Riboudet
Maromme,Emma
Maromme,Boudet
Maromme,Riboudet
Riboudet,Emma
Riboudet,Boudet
Riboudet,Maromme
Mont-Riboudet,Emma
Mont-Riboudet,Boudet
Mont-Riboudet,Riboudet
Mont-Riboudet,Maromme
Mont-Riboudet,Riboudet
M. Bovary,Boudet
M. Bovary,Riboudet
M. Bovary,Maromme
M. Bovary,Riboudet
M. Bovary,Mont-Riboudet
Bas-Diauville,Bovary
Longuemarre,Bovary
Longuemarre,Bas-Diauville
Boudet,Bovary
Boudet,Bas-Diauville
Boudet,Longuemarre
Dieu,Emma
Dieu,Emma
Bovary,Dieu
Bovary,Dieu
Emma,Bovary
Bovary,Emma
Berthe,Emma
Madame Bovary,Berthe
Charles,Berthe
Charles,Madame Bovary
Emma,Berthe
Emma,Madame Bovary
Emma,Charles
Charles,Madame Bovary
Charles,Emma
Madame Bovary,Charles
Madame Bovary,Emma
Madame Bovary,Charles
Berthe,Emma
Berthe,Charles
Berthe,Madame Bovary
Emma,Berthe
Charles,Berthe
Charles,Emma
M. Homais,Charles
Madame Homais,M. Homais
Homais,Madame Homais
Botocudos,Homais
Botocudos,Homais
Charles,Homais
Charles,Homais
Charles,Botocudos
Léon,Homais
Léon,Botocudos
Léon,Charles
Charles,Botocudos
Charles,Léon
Rouen,Botocudos
Rouen,Charles
Rouen,Léon
Rouen,Charles
M. Léon,Léon
M. Léon,Charles
M. Léon,Rouen
Homais,Charles
Homais,Rouen
Homais,M. Léon
Léon,Rouen
Léon,M. Léon
Léon,Homais
Lefrançois,M. Léon
Lefrançois,Homais
Lefrançois,Léon
Binet,M. Léon
Binet,Homais
Binet,Léon
Binet,Lefrançois
Léon,Homais
Léon,Lefrançois
Léon,Binet
Yonville,Léon
Yonvillais,Léon
Yonvillais,Yonville
Paris,Yonville
Paris,Yonvillais
Rouen,Léon
Paris,Léon
Paris,Rouen
Hivert,Léon
Hivert,Rouen
Hivert,Paris
Yonville,Léon
Yonville,Rouen
Yonville,Paris
Yonville,Hivert
Rouen,Léon
Rouen,Paris
Rouen,Hivert
Rouen,Yonville
Rouen,Léon
Rouen,Paris
Rouen,Hivert
Rouen,Yonville
Yonville,Léon
Yonville,Rouen
Yonville,Paris
Yonville,Hivert
Yonville,Rouen
Yonville,Rouen
Léon,Rouen
Léon,Paris
Léon,Hivert
Léon,Yonville
Léon,Rouen
Léon,Rouen
Léon,Yonville
Homais,Yonville
Homais,Rouen
Homais,Rouen
Homais,Yonville
Homais,Léon
Justin,Rouen
Justin,Yonville
Justin,Léon
Justin,Homais
Homais,Yonville
Homais,Léon
Homais,Justin
Léon,Homais
Léon,Justin
Léon,Homais
Rouen,Homais
Rouen,Justin
Rouen,Homais
Rouen,Léon
M. Bovary,Homais
M. Bovary,Justin
M. Bovary,Homais
M. Bovary,Léon
M. Bovary,Rouen
Bovary,Homais
Bovary,Justin
Bovary,Homais
Bovary,Léon
Bovary,Rouen
Bovary,M. Bovary
Léon,Homais
Léon,Justin
Léon,Homais
Léon,Rouen
Léon,M. Bovary
Léon,Bovary
Monsieur,M. Bovary
Monsieur,Bovary
Monsieur,Léon
Berthe,Monsieur
Léon,Monsieur
Léon,Berthe
Emma,Monsieur
Emma,Berthe
Emma,Léon
Félicité,Monsieur
Félicité,Berthe
Félicité,Léon
Félicité,Emma
Berthe,Léon
Berthe,Emma
Berthe,Félicité
Léon,Berthe
Léon,Emma
Léon,Félicité
Léon,Berthe
Madame Bovary,Berthe
Madame Bovary,Léon
Léon,Berthe
Léon,Madame Bovary
Emma,Berthe
Emma,Léon
Emma,Madame Bovary
Emma,Léon
Emma,Madame Bovary
Emma,Léon
Léon,Emma
Homais,Léon
M. Guillaumin,Léon
M. Guillaumin,Homais
Léon,Homais
Léon,M. Guillaumin
Homais,Léon
Homais,M. Guillaumin
Homais,Léon
M. Guillaumin,Homais
M. Guillaumin,Léon
M. Guillaumin,Homais
Homais,M. Guillaumin
Homais,Léon
Homais,M. Guillaumin
Madame Bovary,Homais
Madame Bovary,M. Guillaumin
Madame Bovary,Léon
Madame Bovary,Homais
Madame Bovary,M. Guillaumin
Madame Bovary,Homais
Rouen,Léon
Rouen,Homais
Rouen,M. Guillaumin
Rouen,Homais
Rouen,Madame Bovary
Charles,Léon
Paris,Léon
Paris,Charles
Madame Bovary,Léon
Madame Bovary,Charles
Madame Bovary,Paris
Bovary,Léon
Bovary,Charles
Bovary,Paris
Bovary,Madame Bovary
M. Homais,Léon
M. Homais,Charles
M. Homais,Paris
M. Homais,Madame Bovary
M. Homais,Bovary
Paris,Bovary
Paris,M. Homais
Emma,Charles
Paris,Charles
Paris,Emma
Rouen,Emma
Rouen,Paris
Justin,Paris
Justin,Rouen
Homais,Justin
Seine-Inférieure,Homais
Yonville-l'Abbaye,Homais
Yonville-l'Abbaye,Seine-Inférieure
Justin,Homais
Justin,Seine-Inférieure
Justin,Yonville-l'Abbaye
VII,Homais
VII,Seine-Inférieure
VII,Yonville-l'Abbaye
VII,Justin
Emma,Homais
Emma,Seine-Inférieure
Emma,Yonville-l'Abbaye
Emma,Justin
Emma,VII
Vaubyessard,Emma
Léon,Vaubyessard
Emma,Léon
Léon,Emma
Russie,Léon
Russie,Emma
Russie,Léon
Rouen,Tostes
Lheureux,Tostes
Lheureux,Rouen
Emma,Charles
Charles,Emma
Yonville,Charles
Emma,Charles
Emma,Yonville
Emma,Charles
Emma,Charles
Bovary,Charles
Bovary,Emma
Charles,Emma
Charles,Bovary
Voltaire,Charles
Emma,Charles
Emma,Voltaire
Rouen,Voltaire
Rouen,Emma
Emma,Voltaire
Emma,Rouen
Madame Bovary,Rouen
Madame Bovary,Emma
Yonville,Emma
Yonville,Madame Bovary
Emma,Homais
Monsieur,Emma
Justin,Emma
Justin,Monsieur
Félicité,Monsieur
Félicité,Justin
M. Rodolphe,Monsieur
M. Rodolphe,Justin
M. Rodolphe,Félicité
Huchette,Monsieur
Huchette,Justin
Huchette,Félicité
Huchette,M. Rodolphe
Huchette,Monsieur
Huchette,Justin
Huchette,Félicité
Huchette,M. Rodolphe
Yonville,Monsieur
Yonville,Justin
Yonville,Félicité
Yonville,M. Rodolphe
Yonville,Huchette
Yonville,Huchette
Charles,M. Rodolphe
Charles,Huchette
Charles,Huchette
Charles,Yonville
M.,M. Rodolphe
M.,Huchette
M.,Huchette
M.,Yonville
M.,Charles
Bovary,Huchette
Bovary,Yonville
Bovary,Charles
Bovary,M.
Justin,Yonville
Justin,Charles
Justin,M.
Justin,Bovary
Charles,Bovary
Charles,Justin
Guête,Bovary
Guête,Justin
Guête,Charles
Justin,Bovary
Charles,Bovary
Charles,Justin
Dieu,Bovary
Dieu,Justin
Dieu,Charles
M.,Bovary
M.,Justin
M.,Charles
M.,Dieu
Justin,Bovary
Justin,Charles
Justin,Dieu
Justin,M.
Madame Bovary,Justin
Madame Bovary,Charles
Madame Bovary,Dieu
Madame Bovary,M.
Madame Bovary,Justin
Justin,M.
Justin,Madame Bovary
Charles,Madame Bovary
Charles,Justin
Madame Bovary,Justin
Madame Bovary,Charles
Emma,Justin
Emma,Charles
Emma,Madame Bovary
Madame Bovary,Justin
Madame Bovary,Justin
M.,Justin
M.,Madame Bovary
M.,Madame Bovary
Emma,M.
Huchette,M.
Huchette,Emma
Emma,M.
Emma,Huchette
M. Rodolphe,Huchette
M. Rodolphe,Emma
Bovary,Rouen
Virginie,Rouen
Virginie,Bovary
Rodolphe,Rouen
Rodolphe,Bovary
Rodolphe,Virginie
Emma,Bovary
Emma,Virginie
Emma,Rodolphe
VIII,Argueil
M.,VIII
Buchy,VIII
Buchy,M.
Yonville,VIII
Yonville,M.
Yonville,Buchy
Binet,M.
Binet,Buchy
Binet,Yonville
Neufchâtel,Lefrançois
Lefrançois,Homais
Lefrançois,Homais
Homais,Lefrançois
Rouen,Dieu
Lefrançois,Rouen
Homais,Lefrançois
Lheureux,Homais
Théodore,Homais
Théodore,Lheureux
M. Guillaumin,Homais
M. Guillaumin,Lheureux
M. Guillaumin,Théodore
Tellier,Lheureux
Tellier,Théodore
Tellier,M. Guillaumin
Lheureux,Théodore
Lheureux,M. Guillaumin
Lheureux,Tellier
Bovary,Lheureux
Bovary,Théodore
Bovary,M. Guillaumin
Bovary,Tellier
Bovary,Lheureux
M.,Théodore
M.,M. Guillaumin
M.,Tellier
M.,Lheureux
M.,Bovary
Madame Bovary,Théodore
Madame Bovary,M. Guillaumin
Madame Bovary,Tellier
Madame Bovary,Lheureux
Madame Bovary,Bovary
Madame Bovary,M.
Homais,Théodore
Homais,M. Guillaumin
Homais,Tellier
Homais,Lheureux
Homais,Bovary
Homais,M.
Homais,Madame Bovary
Lefrançois,M. Guillaumin
Lefrançois,Tellier
Lefrançois,Lheureux
Lefrançois,Bovary
Lefrançois,M.
Lefrançois,Madame Bovary
Lefrançois,Homais
Rodolphe,Madame Bovary
Rodolphe,Homais
Rodolphe,Lefrançois
Bovary,Lefrançois
Bovary,Rodolphe
Emma,Rodolphe
M. Lheureux,Rodolphe
M. Lheureux,Emma
Bovary,Rodolphe
Bovary,Emma
Bovary,M. Lheureux
Rodolphe,Emma
Rodolphe,M. Lheureux
Rodolphe,Bovary
Rodolphe,M. Lheureux
Rodolphe,Bovary
Bovary,Rodolphe
Bovary,Rodolphe
M. Lheureux,Bovary
M. Lheureux,Rodolphe
M. Lheureux,Rodolphe
M. Lheureux,Bovary
Emma,Rodolphe
Emma,Bovary
Emma,M. Lheureux
Rodolphe,Emma
Panville,M. Derozerays
Rodolphe,M. Derozerays
Rodolphe,Panville
Rodolphe,M. Derozerays
Rodolphe,Panville
Rodolphe,M. Derozerays
Rodolphe,Panville
Bovary,Rodolphe
Bovary,Rodolphe
Yonville,Rodolphe
Yonville,Rodolphe
Yonville,Bovary
Rodolphe,Emma
Rodolphe,Emma
Madame Bovary,Lestiboudois
Rodolphe,Lestiboudois
Rodolphe,Madame Bovary
Emma,Madame Bovary
Emma,Rodolphe
Rodolphe,Madame Bovary
Rodolphe,Emma
M.,Emma
M.,Rodolphe
Binet,M.
Tuvache,M.
M.,Tuvache
Tuvache,M.
Tuvache,M.
Yonville,M.
Yonville,Tuvache
Hippolyte,M.
Hippolyte,Tuvache
Hippolyte,Yonville
Tuvache,Yonville
Tuvache,Hippolyte
M. Lheureux,Lestiboudois
Homais,M. Lheureux
Tuvache,M. Lheureux
Tuvache,Homais
Rodolphe,Homais
Rodolphe,Tuvache
Bovary,Homais
Bovary,Tuvache
Bovary,Rodolphe
M.,Bovary
Lieuvain,M.
Messieurs,M.
Messieurs,Lieuvain
Emma,Rodolphe
Rodolphe,Emma
Emma,Rodolphe
Rodolphe,France
Emma,Rodolphe
Emma,Bovary
M. Lieuvain,Emma
M. Derozerays,Tuvache
Napoléon,Tuvache
Napoléon,M. Derozerays
Binet,Tuvache
Binet,M. Derozerays
Binet,Napoléon
Tuvache,Binet
Justin,Tuvache
M. Lieuvain,Justin
Rodolphe,M. Lieuvain
Emma,Rodolphe
Vaubyessard,Emma
Leux,Vaubyessard
Léon,Vaubyessard
Léon,Leux
Léon,Leux
Rodolphe,Léon
Rodolphe,Léon
M. Derozerays,M. Lieuvain
Rodolphe,M. Lieuvain
Rodolphe,M. Derozerays
Bovary,M. Derozerays
Bovary,Rodolphe
M. Derozerays,Rodolphe
M. Derozerays,Bovary
Rodolphe,Bovary
Rodolphe,M. Derozerays
M.,Bovary
M.,M. Derozerays
M.,Rodolphe
Cincinnatus,M. Derozerays
Cincinnatus,Rodolphe
Cincinnatus,M.
Dioclétien,M. Derozerays
Dioclétien,Rodolphe
Dioclétien,M.
Dioclétien,Cincinnatus
Chine,M. Derozerays
Chine,Rodolphe
Chine,M.
Chine,Cincinnatus
Chine,Dioclétien
Quincampoix,M. Bizet
M. Caron,M. Bizet
M. Caron,Quincampoix
Argueil,M. Bizet
Argueil,Quincampoix
Argueil,M. Caron
M.,M. Bizet
M.,Quincampoix
M.,M. Caron
M.,Argueil
Givry-Saint-Martin,M. Bizet
Givry-Saint-Martin,Quincampoix
Givry-Saint-Martin,M. Caron
Givry-Saint-Martin,Argueil
Givry-Saint-Martin,M.
M. Belot,M. Caron
M. Belot,Argueil
M. Belot,M.
M. Belot,Givry-Saint-Martin
Notre-Dame,M. Caron
Notre-Dame,Argueil
Notre-Dame,M.
Notre-Dame,Givry-Saint-Martin
Notre-Dame,M. Belot
MM,M.
MM,Givry-Saint-Martin
MM,M. Belot
MM,Notre-Dame
Lehérissé,M.
Lehérissé,Givry-Saint-Martin
Lehérissé,M. Belot
Lehérissé,Notre-Dame
Lehérissé,MM
Cullembourg,M.
Cullembourg,Givry-Saint-Martin
Cullembourg,M. Belot
Cullembourg,Notre-Dame
Cullembourg,MM
Cullembourg,Lehérissé
Rodolphe,M.
Rodolphe,Givry-Saint-Martin
Rodolphe,M. Belot
Rodolphe,Notre-Dame
Rodolphe,MM
Rodolphe,Lehérissé
Rodolphe,Cullembourg
Catherine-Nicaise-Élisabeth Leroux,Rodolphe
Sassetot,Rodolphe
Sassetot,Catherine-Nicaise-Élisabeth Leroux
Catherine Leroux,Rodolphe
Catherine Leroux,Catherine-Nicaise-Élisabeth Leroux
Catherine Leroux,Sassetot
Tuvache,Catherine-Nicaise-Élisabeth Leroux
Tuvache,Sassetot
Tuvache,Catherine Leroux
M.,Catherine-Nicaise-Élisabeth Leroux
Tuvache,Catherine-Nicaise-Élisabeth Leroux
Tuvache,M.
Rodolphe,Madame Bovary
Emma,Rodolphe
Binet,Homais
Tuvache,Homais
Tuvache,Binet
Emma,Binet
Emma,Tuvache
Charles,Tuvache
Charles,Emma
Rodolphe,Emma
Rodolphe,Charles
M. Binet,Homais
Homais,M. Binet
Rodolphe,M. Binet
Rodolphe,Homais
Rouen,M. Binet
Rouen,Homais
Rouen,Rodolphe
Homais,Rodolphe
Homais,Rouen
M. Lieuvain,M. Liégeard
M. Tuvache,M. Liégeard
M. Tuvache,M. Lieuvain
M. Derozerays,M. Liégeard
M. Derozerays,M. Lieuvain
M. Derozerays,M. Tuvache
M. Homais,M. Liégeard
M. Homais,M. Lieuvain
M. Homais,M. Tuvache
M. Homais,M. Derozerays
M. Leplichey,M. Liégeard
M. Leplichey,M. Lieuvain
M. Leplichey,M. Tuvache
M. Leplichey,M. Derozerays
M. Leplichey,M. Homais
IX,Loyola
Rodolphe,Loyola
Rodolphe,IX
Rodolphe,Emma
Emma,Rodolphe
Rodolphe,Emma
Rodolphe,Emma
Emma,Rodolphe
Monsieur,Emma
Monsieur,Rodolphe
Monsieur,Emma
Madame Bovary,Emma
Madame Bovary,Monsieur
Bovary,Rodolphe
Charles,Rodolphe
Charles,Bovary
Rodolphe,Bovary
Rodolphe,Charles
Madame,Bovary
Madame,Charles
Madame,Rodolphe
Charles,Bovary
Charles,Rodolphe
Charles,Madame
Rodolphe,Bovary
Rodolphe,Charles
Rodolphe,Madame
Rodolphe,Charles
M. Rodolphe,Madame
M. Rodolphe,Charles
M. Rodolphe,Rodolphe
Bovary,Rodolphe
Bovary,M. Rodolphe
M.,M. Rodolphe
M.,Bovary
Charles,Bovary
Charles,M.
Charles,M.
M.,Charles
M.,Charles
Rodolphe,Charles
Rodolphe,Charles
Rodolphe,M.
Charles,M.
Charles,Rodolphe
Rodolphe,Charles
Rodolphe,M.
Rodolphe,Charles
Emma,Charles
Emma,M.
Emma,Rodolphe
Emma,Charles
Emma,Rodolphe
Justin,Rodolphe
Justin,Charles
Justin,Rodolphe
Justin,Emma
M.,Rodolphe
M.,Emma
M.,Justin
Félicité,Emma
Félicité,Justin
Félicité,M.
Berthe,Emma
Berthe,Justin
Berthe,M.
Berthe,Félicité
M. Homais,Justin
M. Homais,M.
M. Homais,Félicité
M. Homais,Berthe
Emma,Félicité
Emma,Berthe
Emma,M. Homais
Rodolphe,Félicité
Rodolphe,Berthe
Rodolphe,M. Homais
Rodolphe,Emma
Rodolphe,M. Homais
Rodolphe,Emma
Yonville,Rodolphe
Emma,Yonville
Emma,Rodolphe
Dieu,Rodolphe
Dieu,Emma
Rodolphe,Emma
Rodolphe,Dieu
Emma,Dieu
Emma,Rodolphe
Rodolphe,Dieu
Rodolphe,Emma
Emma,Dieu
Emma,Rodolphe
Emma,Rodolphe
Rodolphe,Emma
Emma,Rodolphe
Emma,Rodolphe
Emma,Rodolphe
Emma,Rodolphe
Rodolphe,Emma
Rodolphe,Emma
Yonville,Rodolphe
Rodolphe,Yonville
Yonville,Rodolphe
Emma,Yonville
M. Alexandre,Yonville
M. Alexandre,Emma
Rodolphe,Charles
Rodolphe,Emma
Rodolphe,Emma
Charles,Emma
Charles,Rodolphe
Rodolphe,Emma
Rodolphe,Charles
Huchette,Emma
Huchette,Rodolphe
Huchette,Charles
Huchette,Rodolphe
Yonville,Emma
Yonville,Rodolphe
Yonville,Charles
Yonville,Rodolphe
Yonville,Huchette
Emma,Charles
Emma,Rodolphe
Emma,Huchette
Emma,Yonville
Rodolphe,Emma
Charles,Emma
Charles,Rodolphe
Emma,Rodolphe
Emma,Charles
Emma,Rodolphe
Rodolphe,Emma
Emma,Rodolphe
Rodolphe,Emma
X,Emma
X,Rodolphe
Rodolphe,Emma
Rodolphe,X
Binet,Emma
M. Binet,Binet
Emma,M. Binet
Emma,M. Binet
Binet,Emma
Emma,Binet
Yonville,Binet
Yonville,Emma
Bovary,Binet
Bovary,Emma
Bovary,Yonville
Huchette,Binet
Huchette,Emma
Huchette,Yonville
Huchette,Bovary
Binet,Emma
Binet,Yonville
Binet,Bovary
Binet,Huchette
Charles,Yonville
Charles,Bovary
Charles,Huchette
Charles,Binet
Justin,Charles
Emma,Charles
Emma,Justin
Homais,Charles
Homais,Justin
Homais,Emma
Binet,Homais
Binet,Homais
Emma,Homais
Emma,Binet
Emma,Binet
Irma,Homais
Napoléon,Homais
Napoléon,Irma
Athalie,Homais
Athalie,Irma
Athalie,Napoléon
Emma,Homais
Binet,Homais
Binet,Emma
Emma,Homais
Emma,Binet
Homais,Emma
Homais,Binet
Homais,Emma
Emma,Binet
Emma,Homais
Yonville,Emma
Yonville,Binet
Yonville,Emma
Yonville,Homais
Yonville,Emma
Rodolphe,Emma
Rodolphe,Binet
Rodolphe,Emma
Rodolphe,Homais
Rodolphe,Emma
Rodolphe,Yonville
Emma,Homais
Emma,Yonville
Emma,Rodolphe
Charles,Homais
Charles,Emma
Charles,Yonville
Charles,Rodolphe
Charles,Emma
Rodolphe,Emma
Rodolphe,Yonville
Rodolphe,Emma
Rodolphe,Charles
Charles,Emma
Charles,Yonville
Charles,Rodolphe
Charles,Emma
Charles,Rodolphe
Charles,Rodolphe
Emma,Charles
Emma,Charles
Rodolphe,Charles
Rodolphe,Emma
Léon,Emma
Léon,Rodolphe
Charles,Rodolphe
Emma,Rodolphe
Emma,Charles
Emma,Charles
Rodolphe,Charles
Rodolphe,Emma
Rodolphe,Emma
Rodolphe,Emma
Charles,Emma
Charles,Rodolphe
Charles,Rodolphe
Emma,Rodolphe
Emma,Charles
Rodolphe,Emma
Emma,Rodolphe
Rouault,Rodolphe
Emma,Rodolphe
Emma,Rouault
Yvetot,Emma
Bovary,Yvetot
Dieu,Bovary
Berthe Bovary,Bovary
Berthe Bovary,Dieu
Emma,THÉODORE ROUAULT
Emma,Rodolphe
Charles,Rodolphe
Charles,Emma
XI,Emma
XI,Charles
Yonville,Emma
Yonville,Charles
Yonville,XI
Emma,XI
Emma,Yonville
Hippolyte,Yonville
Hippolyte,Emma
Homais,Emma
Homais,Hippolyte
Dieu,Hippolyte
Dieu,Homais
Bovary,Hippolyte
Bovary,Homais
Bovary,Dieu
Emma,Hippolyte
Emma,Homais
Emma,Dieu
Emma,Bovary
Charles,Dieu
Charles,Bovary
Charles,Emma
Rouen,Bovary
Rouen,Emma
Rouen,Charles
Duval,Bovary
Duval,Emma
Duval,Charles
Duval,Rouen
M. Homais,Rouen
M. Homais,Duval
Hippolyte,M. Homais
Homais,Hippolyte
Hippolyte,Homais
Homais,Hippolyte
Binet,Hippolyte
Binet,Homais
Lefrançois,Hippolyte
Lefrançois,Homais
Lefrançois,Binet
Artémise,Hippolyte
Artémise,Homais
Artémise,Binet
Artémise,Lefrançois
M. Tuvache,Hippolyte
M. Tuvache,Homais
M. Tuvache,Binet
M. Tuvache,Lefrançois
M. Tuvache,Artémise
Bovary,Hippolyte
Bovary,Homais
Bovary,Binet
Bovary,Lefrançois
Bovary,Artémise
Bovary,M. Tuvache
Emma,Binet
Emma,Lefrançois
Emma,Artémise
Emma,M. Tuvache
Emma,Bovary
Charles,Binet
Charles,Lefrançois
Charles,Artémise
Charles,M. Tuvache
Charles,Bovary
Charles,Emma
Hippolyte,Emma
Hippolyte,Charles
Ambroise,Achille
Celse,Achille
Celse,Ambroise
Dupuytren,Achille
Dupuytren,Ambroise
Dupuytren,Celse
Gensoul,Achille
Gensoul,Ambroise
Gensoul,Celse
Gensoul,Dupuytren
M. Bovary,Ambroise
M. Bovary,Celse
M. Bovary,Dupuytren
M. Bovary,Gensoul
Hippolyte,Ambroise
Hippolyte,Celse
Hippolyte,Dupuytren
Hippolyte,Gensoul
Hippolyte,M. Bovary
M. Homais,Gensoul
M. Homais,M. Bovary
M. Homais,Hippolyte
Charles,M. Bovary
Charles,Hippolyte
Charles,M. Homais
Hippolyte,M. Homais
Hippolyte,Charles
Bovary,M. Homais
Bovary,Charles
Bovary,Hippolyte
Hippolyte,Charles
Hippolyte,Bovary
Charles,Hippolyte
Charles,Bovary
Charles,Hippolyte
Emma,Hippolyte
Emma,Bovary
Emma,Hippolyte
Emma,Charles
Charles,Rodolphe
M. Homais,Rodolphe
M. Homais,Charles
Rouen,Rodolphe
Rouen,Charles
Rouen,M. Homais
Bovary,Rodolphe
Bovary,Charles
Bovary,M. Homais
Bovary,Rouen
Europe,Charles
Europe,M. Homais
Europe,Rouen
Europe,Bovary
Yonville,M. Homais
Yonville,Rouen
Yonville,Bovary
Yonville,Europe
M. Bovary,Rouen
M. Bovary,Bovary
M. Bovary,Europe
M. Bovary,Yonville
Charles,Bovary
Charles,Europe
Charles,Yonville
Charles,M. Bovary
Bovary,M. Bovary
Bovary,Charles
M. Bovary,Charles
M. Bovary,Bovary
Hippolyte Tautain,Charles
Hippolyte Tautain,Bovary
Hippolyte Tautain,M. Bovary
Lefrançois,Bovary
Lefrançois,M. Bovary
Lefrançois,Hippolyte Tautain
Charles,Lefrançois
Lefrançois,Hippolyte
Lefrançois,Hippolyte
Hippolyte,Lefrançois
Madame Bovary,Lefrançois
Madame Bovary,Hippolyte
Hippolyte,Bovary
Lefrançois,Bovary
Lefrançois,Hippolyte
Bournisien,Lefrançois
Marie,Dieu
Me,Marie
Hippolyte,Marie
Hippolyte,Me
Bon-Secours,Me
Bon-Secours,Hippolyte
M. Bournisien,Me
M. Bournisien,Hippolyte
M. Bournisien,Bon-Secours
Hippolyte,Bon-Secours
Hippolyte,M. Bournisien
Lefrançois,Bon-Secours
Lefrançois,M. Bournisien
Lefrançois,Hippolyte
Lefrançois,Charles
M. Canivet,Charles
M. Canivet,Lefrançois
Neufchâtel,Charles
Neufchâtel,Lefrançois
Neufchâtel,M. Canivet
M. Homais,Lefrançois
M. Homais,M. Canivet
M. Homais,Neufchâtel
Paris,M. Homais
M. Canivet,Homais
Yonville,Homais
Yonville,M. Canivet
Bovary,Homais
Bovary,M. Canivet
Bovary,Yonville
Canivet,Homais
Canivet,M. Canivet
Canivet,Yonville
Canivet,Bovary
Grande-Rue,M. Canivet
Grande-Rue,Yonville
Grande-Rue,Bovary
Grande-Rue,Canivet
Hippolyte,Bovary
Hippolyte,Canivet
Hippolyte,Grande-Rue
Tuvache,Canivet
Tuvache,Grande-Rue
Tuvache,Hippolyte
Homais,M. Canivet
Canivet,Homais
Canivet,Hippolyte
Homais,Hippolyte
Homais,Canivet
Lestiboudois,Canivet
Lestiboudois,Homais
M. Canivet,Canivet
M. Canivet,Homais
M. Canivet,Lestiboudois
Artémise,Canivet
Artémise,Homais
Artémise,Lestiboudois
Artémise,M. Canivet
Bovary,Homais
Bovary,Lestiboudois
Bovary,M. Canivet
Bovary,Artémise
Hippolyte,Artémise
Hippolyte,Bovary
Neufchâtel,Hippolyte
Rouen,Hippolyte
Rouen,Neufchâtel
Hippolyte,Neufchâtel
Hippolyte,Rouen
Emma,Neufchâtel
Emma,Rouen
Emma,Hippolyte
Charles,Hippolyte
Charles,Emma
Emma,Bovary
Charles,Bovary
Charles,Emma
Emma,Charles
Charles,Emma
Canivet,Charles
Canivet,Charles
Homais,Charles
Homais,Charles
Homais,Canivet
Charles,Canivet
Charles,Homais
Emma,Charles
Charles,Emma
Rodolphe,Emma
Rodolphe,Charles
XII,Charles
XII,Rodolphe
Emma,Rodolphe
Emma,XII
Justin,Rodolphe
Justin,XII
Justin,Emma
Huchette,Rodolphe
Huchette,XII
Huchette,Emma
Huchette,Justin
Rodolphe,XII
Rodolphe,Emma
Rodolphe,Justin
Rodolphe,Huchette
Rodolphe,Justin
Rodolphe,Huchette
Rodolphe,Charles
Justin,Félicité
Félicité,Justin
Homais,Félicité
Homais,Félicité
Madame,Félicité
Madame,Homais
Madame,Homais
Félicité,Homais
Félicité,Homais
Félicité,Madame
Théodore,Félicité
Théodore,Homais
Théodore,Homais
Théodore,Madame
Théodore,Félicité
M. Guillaumin,Félicité
M. Guillaumin,Homais
M. Guillaumin,Homais
M. Guillaumin,Madame
M. Guillaumin,Félicité
M. Guillaumin,Théodore
Emma,Théodore
Emma,M. Guillaumin
Madame,Emma
Emma,Madame
Charles,Emma
Charles,Madame
Charles,Emma
Hippolyte,Madame
Hippolyte,Emma
Hippolyte,Charles
Hippolyte,Madame
Hippolyte,Emma
Hippolyte,Charles
Bovary,Charles
Bovary,Hippolyte
Bovary,Hippolyte
Charles,Hippolyte
Charles,Bovary
M. Lheureux,Hippolyte
M. Lheureux,Bovary
M. Lheureux,Charles
Emma,Bovary
Emma,Charles
Emma,M. Lheureux
Paris,Charles
Paris,M. Lheureux
Paris,Emma
Emma,Charles
Emma,M. Lheureux
Emma,Paris
Rodolphe,Charles
Rodolphe,M. Lheureux
Rodolphe,Emma
Rodolphe,Paris
Rodolphe,Emma
Rouen,M. Lheureux
Rouen,Emma
Rouen,Paris
Rouen,Emma
Rouen,Rodolphe
M. Lheureux,Emma
M. Lheureux,Paris
M. Lheureux,Emma
M. Lheureux,Rodolphe
M. Lheureux,Rouen
Emma,Paris
Emma,Rodolphe
Emma,Rouen
Emma,M. Lheureux
Lestiboudois,Emma
Lestiboudois,Rodolphe
Lestiboudois,Rouen
Lestiboudois,M. Lheureux
Lestiboudois,Emma
Bovary,Rodolphe
Bovary,Rouen
Bovary,M. Lheureux
Bovary,Emma
Bovary,Lestiboudois
M. Derozerays,Rodolphe
M. Derozerays,Rouen
M. Derozerays,M. Lheureux
M. Derozerays,Emma
M. Derozerays,Lestiboudois
M. Derozerays,Bovary
Saint-Pierre,M. Lheureux
Saint-Pierre,Emma
Saint-Pierre,Lestiboudois
Saint-Pierre,Bovary
Saint-Pierre,M. Derozerays
Lheureux,Emma
Lheureux,Lestiboudois
Lheureux,Bovary
Lheureux,M. Derozerays
Lheureux,Saint-Pierre
Emma,Lestiboudois
Emma,Bovary
Emma,M. Derozerays
Emma,Saint-Pierre
Emma,Lheureux
Monsieur,M. Derozerays
Monsieur,Saint-Pierre
Monsieur,Lheureux
Monsieur,Emma
Lheureux,Saint-Pierre
Lheureux,Emma
Lheureux,Monsieur
M. Derozerays,Monsieur
M. Derozerays,Lheureux
Emma,Monsieur
Emma,Lheureux
Emma,M. Derozerays
Charles,Lheureux
Charles,M. Derozerays
Charles,Emma
Lheureux,M. Derozerays
Lheureux,Emma
Lheureux,Charles
Emma,Charles
Emma,Lheureux
Rodolphe,Emma
Amor,Emma
Amor,Rodolphe
Charles,Emma
Charles,Rodolphe
Charles,Amor
Emma,Rodolphe
Emma,Amor
Emma,Charles
Rodolphe,Amor
Rodolphe,Charles
Rodolphe,Emma
Clarence,Rodolphe
Bovary,Rodolphe
Bovary,Clarence
M. Rodolphe,Clarence
M. Rodolphe,Bovary
Bovary,Clarence
Bovary,M. Rodolphe
Charles,M. Rodolphe
Charles,Bovary
Félicité,Bovary
Félicité,Charles
Madame Bovary,Bovary
Madame Bovary,Charles
Madame Bovary,Félicité
Emma,Charles
Emma,Félicité
Emma,Madame Bovary
Bovary,Emma
Emma,Bovary
Charles,Emma
Charles,Bovary
Charles,Emma
Emma,Bovary
Emma,Charles
Charles,Emma
Charles,Emma
Emma,Charles
Rodolphe,Charles
Rodolphe,Emma
Yonville,Emma
Yonville,Rodolphe
Emma,Rodolphe
Emma,Yonville
Rodolphe,Emma
Rodolphe,Yonville
Rodolphe,Emma
Bovary,Rodolphe
Emma,Rodolphe
Emma,Bovary
Rodolphe,Emma
Bovary,Rodolphe
Emma,Bovary
Justin,Bovary
Justin,Emma
M. Lheureux,Bovary
M. Lheureux,Emma
M. Lheureux,Justin
Bovary,Lheureux
Lheureux,Bovary
Yonville,Lheureux
Rouen,Lheureux
Rouen,Yonville
Rodolphe,Lheureux
Rodolphe,Yonville
Rodolphe,Rouen
Paris,Yonville
Paris,Rouen
Paris,Rodolphe
Marseille,Yonville
Marseille,Rouen
Marseille,Rodolphe
Marseille,Paris
Gênes,Yonville
Gênes,Rouen
Gênes,Rodolphe
Gênes,Paris
Gênes,Marseille
Lheureux,Yonville
Lheureux,Rouen
Lheureux,Rodolphe
Lheureux,Paris
Lheureux,Marseille
Lheureux,Gênes
Rodolphe,Rouen
Rodolphe,Paris
Rodolphe,Marseille
Rodolphe,Gênes
Rodolphe,Lheureux
Emma,Rodolphe
Emma,Rodolphe
Emma,Rodolphe
Emma,Rodolphe
Emma,Rodolphe
Emma,Rodolphe
Provence,Rodolphe
Provence,Rodolphe
Provence,Rodolphe
Provence,Emma
Emma,Provence
Rodolphe,Provence
Rodolphe,Emma
Emma,Rodolphe
XIII,Emma
Rodolphe,Emma
Rodolphe,XIII
Emma,XIII
Emma,Rodolphe
Reims,Emma
Emma,Reims
Rodolphe,Emma
Emma,Rodolphe
Rodolphe,Emma
Rodolphe,Emma
Dieu,Emma
Amor,Rodolphe
Rodolphe,Amor
Girard,Amor
Girard,Rodolphe
Bovary,Amor
Bovary,Rodolphe
Bovary,Girard
Girard,Bovary
Yonville,Bovary
Yonville,Girard
Madame Bovary,Bovary
Madame Bovary,Girard
Madame Bovary,Yonville
Félicité,Girard
Félicité,Yonville
Félicité,Madame Bovary
Félicité,Yonville
Félicité,Madame Bovary
Emma,Félicité
Charles,Félicité
Charles,Emma
Félicité,Charles
Monsieur,Charles
Monsieur,Félicité
Madame,Charles
Madame,Félicité
Madame,Monsieur
M. Rodolphe,Charles
Girard,Charles
Girard,M. Rodolphe
M. Langlois,Girard
Charles,M. Langlois
Sens,M. Langlois
Sens,Charles
Charles,Sens
Emma,Charles
Rodolphe,Charles
Rodolphe,Emma
Rouen,Charles
Rouen,Emma
Rouen,Rodolphe
Huchette,Charles
Huchette,Emma
Huchette,Rodolphe
Huchette,Rouen
Buchy,Charles
Buchy,Emma
Buchy,Rodolphe
Buchy,Rouen
Buchy,Huchette
Yonville,Charles
Yonville,Emma
Yonville,Rodolphe
Yonville,Rouen
Yonville,Huchette
Yonville,Buchy
Emma,Rodolphe
Emma,Rouen
Emma,Huchette
Emma,Buchy
Emma,Yonville
Charles,Rouen
Charles,Huchette
Charles,Buchy
Charles,Yonville
Charles,Emma
Berthe,Huchette
Berthe,Buchy
Berthe,Yonville
Berthe,Emma
Berthe,Charles
Félicité,Huchette
Félicité,Buchy
Félicité,Yonville
Félicité,Emma
Félicité,Charles
Félicité,Berthe
Madame,Yonville
Madame,Emma
Madame,Charles
Madame,Berthe
Madame,Félicité
Charles,Berthe
Charles,Félicité
Charles,Madame
Charles,Berthe
Charles,Félicité
Charles,Madame
Me,Berthe
Me,Félicité
Me,Madame
Me,Charles
Me,Charles
Emma,Charles
Emma,Charles
Emma,Me
Charles,Emma
Homais,Charles
Homais,Charles
Charles,Homais
Bridoux,Bovary
Malpalu,Bovary
Malpalu,Bridoux
Guillaume,Bridoux
Guillaume,Malpalu
Charles,Bridoux
Charles,Malpalu
Charles,Guillaume
Madame,Guillaume
Madame,Charles
Bovary,Madame
That,Bovary
Emma,Bovary
Emma,That
Charles,Bovary
Charles,That
Charles,Emma
Justin,That
Justin,Emma
Justin,Charles
Neufchâtel,Emma
Neufchâtel,Charles
Neufchâtel,Justin
M. Canivet,Charles
M. Canivet,Justin
M. Canivet,Neufchâtel
Rouen,Charles
Rouen,Justin
Rouen,Neufchâtel
Rouen,M. Canivet
Larivière,Charles
Larivière,Justin
Larivière,Neufchâtel
Larivière,M. Canivet
Larivière,Rouen
Emma,Charles
Emma,Justin
Emma,Neufchâtel
Emma,M. Canivet
Emma,Rouen
Emma,Larivière
Charles,M. Canivet
Charles,Rouen
Charles,Larivière
Charles,Emma
Bovary,Charles
Charles,Bovary
XIV,Charles
M. Homais,Charles
M. Homais,XIV
M. Lheureux,Charles
M. Lheureux,XIV
M. Lheureux,M. Homais
Emma,XIV
Emma,M. Homais
Emma,M. Lheureux
Charles,M. Lheureux
Charles,Emma
Madame,M. Lheureux
Madame,Emma
Madame,Charles
Monsieur,M. Lheureux
Monsieur,Emma
Monsieur,Charles
Monsieur,Madame
Charles,Madame
Charles,Monsieur
Félicité,Charles
Félicité,Madame
Félicité,Monsieur
Félicité,Charles
M. Lheureux,Charles
M. Lheureux,Madame
M. Lheureux,Monsieur
M. Lheureux,Charles
M. Lheureux,Félicité
Bovary,Madame
Bovary,Monsieur
Bovary,Charles
Bovary,Félicité
Bovary,M. Lheureux
M. Lheureux,Charles
M. Lheureux,Félicité
M. Lheureux,Bovary
Lheureux,M. Lheureux
Lheureux,Bovary
Lheureux,M. Lheureux
Bovary,M. Lheureux
Bovary,Lheureux
M. Guillaumin,Neufchâtel
Grumesnil,Neufchâtel
Grumesnil,M. Guillaumin
Argueil,Neufchâtel
Argueil,M. Guillaumin
Argueil,Grumesnil
Rouen,Neufchâtel
Rouen,M. Guillaumin
Rouen,Grumesnil
Rouen,Argueil
Yonville,Neufchâtel
Yonville,M. Guillaumin
Yonville,Grumesnil
Yonville,Argueil
Yonville,Rouen
Charles,Neufchâtel
Charles,M. Guillaumin
Charles,Grumesnil
Charles,Argueil
Charles,Rouen
Charles,Yonville
Emma,Yonville
Emma,Charles
Madame,Emma
Hippolyte,Emma
Charles,Emma
Charles,Hippolyte
M. Bournisien,Hippolyte
M. Bournisien,Charles
Félicité,M. Bournisien
Emma,Félicité
Dieu,Félicité
Dieu,Emma
M. Boulard,Emma
M. de Maistre,M. Boulard
Marie,M. de Maistre
M.,M. de Maistre
M.,Marie
Voltaire,M. de Maistre
Voltaire,Marie
Voltaire,M.
Madame Bovary,M. de Maistre
Madame Bovary,Marie
Madame Bovary,M.
Madame Bovary,Voltaire
Vallière,Emma
Charles,Emma
Charles,Vallière
Berthe,Charles
Madame Bovary,Berthe
Pâques,Madame Bovary
Bovary,Madame Bovary
Bovary,Pâques
Emma,Pâques
Emma,Bovary
Langlois,Pâques
Langlois,Bovary
Langlois,Emma
Caron,Pâques
Caron,Bovary
Caron,Emma
Caron,Langlois
Dubreuil,Pâques
Dubreuil,Bovary
Dubreuil,Emma
Dubreuil,Langlois
Dubreuil,Caron
Tuvache,Pâques
Tuvache,Bovary
Tuvache,Emma
Tuvache,Langlois
Tuvache,Caron
Tuvache,Dubreuil
Homais,Pâques
Homais,Bovary
Homais,Emma
Homais,Langlois
Homais,Caron
Homais,Dubreuil
Homais,Tuvache
Homais,Emma
Homais,Langlois
Homais,Caron
Homais,Dubreuil
Homais,Tuvache
Justin,Emma
Justin,Langlois
Justin,Caron
Justin,Dubreuil
Justin,Tuvache
Justin,Homais
Justin,Homais
Bovary,Langlois
Bovary,Caron
Bovary,Dubreuil
Bovary,Tuvache
Bovary,Homais
Bovary,Homais
Bovary,Justin
Emma,Bovary
Bovary,Félicité
Rolet,Félicité
Rolet,Bovary
Homais,Bovary
Homais,Rolet
M. Bournisien,Rolet
M. Bournisien,Homais
Charles,Homais
Charles,M. Bournisien
Madame,M. Bournisien
Madame,Charles
Binet,M. Bournisien
Binet,Charles
Binet,Madame
Bovary,M. Bournisien
Bovary,Charles
Bovary,Madame
Bovary,Binet
Seltz,Bovary
Charles,Seltz
Madame,Seltz
Madame,Charles
Rouen,Seltz
Rouen,Charles
Rouen,Madame
Lagardy,Seltz
Lagardy,Charles
Lagardy,Madame
Lagardy,Rouen
Homais,Seltz
Homais,Charles
Homais,Madame
Homais,Rouen
Homais,Lagardy
Castigat,Charles
Castigat,Madame
Castigat,Rouen
Castigat,Lagardy
Castigat,Homais
Bournisien,Charles
Bournisien,Madame
Bournisien,Rouen
Bournisien,Lagardy
Bournisien,Homais
Bournisien,Castigat
Voltaire,Madame
Voltaire,Rouen
Voltaire,Lagardy
Voltaire,Homais
Voltaire,Castigat
Voltaire,Bournisien
Binet,Castigat
Binet,Bournisien
Binet,Voltaire
Paris,Castigat
Paris,Bournisien
Paris,Voltaire
Paris,Binet
Homais,Castigat
Homais,Bournisien
Homais,Voltaire
Homais,Binet
Homais,Paris
Galilée,Binet
Galilée,Paris
Galilée,Homais
Athalie,M. Bournisien
Homais,M. Bournisien
Homais,Athalie
Bournisien,Homais
Monsieur,Homais
Monsieur,Bournisien
M. Homais,Monsieur
Madame,M. Homais
Lagardy,M. Homais
Lagardy,Madame
Angleterre,M. Homais
Angleterre,Madame
Angleterre,Lagardy
Charles,Bovary
Lheureux,Bovary
Lheureux,Charles
Charles,Lheureux
Yonville,Lheureux
Yonville,Charles
Emma,Charles
Emma,Yonville
Rouen,Yonville
Rouen,Emma
Croix,Yonville
Croix,Emma
Croix,Rouen
Beauvoisine,Yonville
Beauvoisine,Emma
Beauvoisine,Rouen
Beauvoisine,Croix
Madame,Charles
Monsieur,Charles
Monsieur,Madame
XV,Madame
XV,Monsieur
Lucie de Lamermoor,Madame
Lucie de Lamermoor,Monsieur
Lucie de Lamermoor,XV
Lagardy,Madame
Lagardy,Monsieur
Lagardy,XV
Lagardy,Lucie de Lamermoor
Bovary,Emma
Emma,Lucie
Edgar-Lagardy,Lucie
Edgar-Lagardy,Emma
Biarritz,Emma
Biarritz,Edgar-Lagardy
Emma,Lucie
Emma,Edgar
Bovary,Edgar
Bovary,Emma
Lucie,Emma
Lucie,Bovary
Emma,Lucie
Gilbert,Lucie
Gilbert,Emma
Ashton,Lucie
Ashton,Emma
Ashton,Gilbert
Charles,Lucie
Charles,Emma
Charles,Gilbert
Charles,Ashton
Lucie,Emma
Lucie,Gilbert
Lucie,Ashton
Lucie,Charles
Edgar,Lucie
Edgar,Emma
Edgar,Gilbert
Edgar,Ashton
Edgar,Charles
Edgar,Lucie
Emma,Gilbert
Emma,Ashton
Emma,Charles
Emma,Lucie
Emma,Edgar
Lucie,Charles
Lucie,Edgar
Lucie,Emma
Emma,Lucie
Edgar,Emma
Ashton,Emma
Ashton,Edgar
Lucie,Edgar
Lucie,Ashton
Arthur,Edgar
Arthur,Ashton
Arthur,Lucie
Charles,Emma
M. Léon,Charles
Léon,Charles
Léon,M. Léon
Yonville,Charles
Yonville,M. Léon
Yonville,Léon
Bovary,Charles
Bovary,M. Léon
Bovary,Léon
Bovary,Yonville
Ashton,Rouen
Bovary,Dieu
Emma,Dieu
Emma,Bovary
Charles,Dieu
Charles,Bovary
Charles,Emma
Léon,Bovary
Léon,Emma
Léon,Charles
Bovary,Emma
Bovary,Charles
Bovary,Léon
M. Léon,Emma
M. Léon,Charles
M. Léon,Léon
M. Léon,Bovary
Emma,Léon
Emma,Bovary
Emma,M. Léon
Charles,Léon
Charles,Bovary
Charles,M. Léon
Charles,Emma
M. Léon,Léon
M. Léon,Bovary
M. Léon,Emma
M. Léon,Charles
Rouen,Bovary
Rouen,M. Léon
Rouen,Emma
Rouen,Charles
Rouen,M. Léon
Normandie,M. Léon
Normandie,Emma
Normandie,Charles
Normandie,M. Léon
Normandie,Rouen
Paris,Emma
Paris,Charles
Paris,M. Léon
Paris,Rouen
Paris,Normandie
Berthe,Emma
Berthe,Charles
Berthe,M. Léon
Berthe,Rouen
Berthe,Normandie
Berthe,Paris
Homais,Emma
Homais,Charles
Homais,M. Léon
Homais,Rouen
Homais,Normandie
Homais,Paris
Homais,Berthe
Lefrançois,Emma
Lefrançois,Charles
Lefrançois,M. Léon
Lefrançois,Rouen
Lefrançois,Normandie
Lefrançois,Paris
Lefrançois,Berthe
Lefrançois,Homais
Lucie,Rouen
Lucie,Normandie
Lucie,Paris
Lucie,Berthe
Lucie,Homais
Lucie,Lefrançois
Léon,Normandie
Léon,Paris
Léon,Berthe
Léon,Homais
Léon,Lefrançois
Léon,Lucie
Tamburini,Normandie
Tamburini,Paris
Tamburini,Berthe
Tamburini,Homais
Tamburini,Lefrançois
Tamburini,Lucie
Tamburini,Léon
Rubini,Normandie
Rubini,Paris
Rubini,Berthe
Rubini,Homais
Rubini,Lefrançois
Rubini,Lucie
Rubini,Léon
Rubini,Tamburini
Persiani,Paris
Persiani,Berthe
Persiani,Homais
Persiani,Lefrançois
Persiani,Lucie
Persiani,Léon
Persiani,Tamburini
Persiani,Rubini
Grisi,Paris
Grisi,Berthe
Grisi,Homais
Grisi,Lefrançois
Grisi,Lucie
Grisi,Léon
Grisi,Tamburini
Grisi,Rubini
Grisi,Persiani
Lagardy,Berthe
Lagardy,Homais
Lagardy,Lefrançois
Lagardy,Lucie
Lagardy,Léon
Lagardy,Tamburini
Lagardy,Rubini
Lagardy,Persiani
Lagardy,Grisi
Charles,Lucie
Charles,Léon
Charles,Tamburini
Charles,Rubini
Charles,Persiani
Charles,Grisi
Charles,Lagardy
Charles,Tamburini
Charles,Rubini
Charles,Persiani
Charles,Grisi
Charles,Lagardy
Lagardy,Charles
Charles,Lagardy
Charles,Lagardy
Bovary,Charles
Bovary,Charles
Charles,Bovary
Emma,Bovary
Emma,Charles
Léon,Bovary
Léon,Charles
Léon,Emma
Yonville,Emma
Yonville,Léon
Saint-Herbland,Léon
Saint-Herbland,Yonville
I,Léon
I,Yonville
I,Saint-Herbland
M. Léon,Léon
M. Léon,Yonville
M. Léon,Saint-Herbland
M. Léon,I
Emma,Luxembourg
Léon,Luxembourg
Léon,Emma
M.,Rouen
Bovary,Rouen
Bovary,M.
Léon,Rouen
Léon,M.
Léon,Bovary
Croix,M.
Croix,Bovary
Croix,Léon
Monsieur,M.
Monsieur,Bovary
Monsieur,Léon
Monsieur,Croix
Léon,Monsieur
Léon,Monsieur
Léon,Emma
Madame Bovary,Tuvache
Beauvoisine,Madame Bovary
Léon,Nesle
Rodolphe,Emma
Rodolphe,Emma
Emma,Rodolphe
Dieu,Rodolphe
Dieu,Emma
Bovary,Emma
Bovary,Dieu
M. Lormeaux,Emma
M. Lormeaux,Dieu
M. Lormeaux,Bovary
Grand-Pont,Emma
Grand-Pont,Dieu
Grand-Pont,Bovary
Grand-Pont,M. Lormeaux
Léon,Dieu
Léon,Bovary
Léon,M. Lormeaux
Léon,Grand-Pont
Emma,Léon
Léon,Emma
Emma,Léon
Léon,Emma
Léon,Emma
Marianne,Suisse
Léon,Suisse
Léon,Marianne
Monsieur,Suisse
Monsieur,Marianne
Monsieur,Léon
Monsieur,Suisse
Monsieur,Marianne
Monsieur,Léon
Emma,Marianne
Emma,Léon
Emma,Monsieur
Emma,Monsieur
Suisse,Emma
Léon,Emma
Léon,Suisse
Emma,Suisse
Emma,Léon
Suisse,Emma
Madame,Emma
Madame,Suisse
Madame,Suisse
Suisse,Madame
Suisse,Madame
Amboise,Suisse
Europe,Suisse
Europe,Amboise
Léon,Suisse
Léon,Amboise
Léon,Europe
Pierre de Brézé,Amboise
Pierre de Brézé,Europe
Pierre de Brézé,Léon
Brissac,Amboise
Brissac,Europe
Brissac,Léon
Brissac,Pierre de Brézé
Poitou,Amboise
Poitou,Europe
Poitou,Léon
Poitou,Pierre de Brézé
Poitou,Brissac
Normandie,Europe
Normandie,Léon
Normandie,Pierre de Brézé
Normandie,Brissac
Normandie,Poitou
Montlhéry,Europe
Montlhéry,Léon
Montlhéry,Pierre de Brézé
Montlhéry,Brissac
Montlhéry,Poitou
Montlhéry,Normandie
Léon,Europe
Léon,Pierre de Brézé
Léon,Brissac
Léon,Poitou
Léon,Normandie
Léon,Montlhéry
Louis de Brézé,Pierre de Brézé
Louis de Brézé,Brissac
Louis de Brézé,Poitou
Louis de Brézé,Normandie
Louis de Brézé,Montlhéry
Louis de Brézé,Léon
Breval,Pierre de Brézé
Breval,Brissac
Breval,Poitou
Breval,Normandie
Breval,Montlhéry
Breval,Léon
Breval,Louis de Brézé
Montchauvet,Pierre de Brézé
Montchauvet,Brissac
Montchauvet,Poitou
Montchauvet,Normandie
Montchauvet,Montlhéry
Montchauvet,Léon
Montchauvet,Louis de Brézé
Montchauvet,Breval
Maulevrier,Pierre de Brézé
Maulevrier,Brissac
Maulevrier,Poitou
Maulevrier,Normandie
Maulevrier,Montlhéry
Maulevrier,Léon
Maulevrier,Louis de Brézé
Maulevrier,Breval
Maulevrier,Montchauvet
Mauny,Pierre de Brézé
Mauny,Brissac
Mauny,Poitou
Mauny,Normandie
Mauny,Montlhéry
Mauny,Léon
Mauny,Louis de Brézé
Mauny,Breval
Mauny,Montchauvet
Mauny,Maulevrier
Normandie,Pierre de Brézé
Normandie,Brissac
Normandie,Poitou
Normandie,Montlhéry
Normandie,Léon
Normandie,Louis de Brézé
Normandie,Breval
Normandie,Montchauvet
Normandie,Maulevrier
Normandie,Mauny
Madame Bovary,Louis de Brézé
Madame Bovary,Breval
Madame Bovary,Montchauvet
Madame Bovary,Maulevrier
Madame Bovary,Mauny
Madame Bovary,Normandie
Léon,Louis de Brézé
Léon,Breval
Léon,Montchauvet
Léon,Maulevrier
Léon,Mauny
Léon,Normandie
Léon,Madame Bovary
Diane de Poitiers,Madame Bovary
Diane de Poitiers,Léon
Brézé,Madame Bovary
Brézé,Léon
Brézé,Diane de Poitiers
Valentinois,Madame Bovary
Valentinois,Léon
Valentinois,Diane de Poitiers
Valentinois,Brézé
Amboise,Diane de Poitiers
Amboise,Brézé
Amboise,Valentinois
Rouen,Diane de Poitiers
Rouen,Brézé
Rouen,Valentinois
Rouen,Amboise
Louis XII,Diane de Poitiers
Louis XII,Brézé
Louis XII,Valentinois
Louis XII,Amboise
Louis XII,Rouen
Richard,Rouen
Richard,Louis XII
Angleterre,Rouen
Angleterre,Louis XII
Angleterre,Richard
Normandie,Louis XII
Normandie,Richard
Normandie,Angleterre
Léon,Richard
Léon,Angleterre
Léon,Normandie
Emma,Richard
Emma,Angleterre
Emma,Normandie
Emma,Léon
Suisse,Richard
Suisse,Angleterre
Suisse,Normandie
Suisse,Léon
Suisse,Emma
Léon,Emma
Léon,Suisse
Monsieur,Léon
Monsieur,Emma
Monsieur,Suisse
Monsieur,Léon
Égypte,Léon
Égypte,Emma
Égypte,Suisse
Égypte,Léon
Égypte,Monsieur
Léon,Emma
Léon,Suisse
Léon,Monsieur
Léon,Égypte
Bovary,Léon
Léon,Bovary
Monsieur,Bovary
Monsieur,Léon
Suisse,Bovary
Suisse,Léon
Suisse,Monsieur
Léon,Bovary
Léon,Monsieur
Léon,Suisse
Quatre-Vents,Léon
Quatre-Vents,Monsieur
Quatre-Vents,Suisse
Quatre-Vents,Léon
Léon,Monsieur
Léon,Suisse
Léon,Quatre-Vents
Paris,Léon
Paris,Quatre-Vents
Paris,Léon
Léon,Quatre-Vents
Léon,Paris
Suisse,Léon
Suisse,Paris
Suisse,Léon
David,Paris
David,Léon
David,Suisse
Monsieur,Paris
Monsieur,Léon
Monsieur,Suisse
Monsieur,David
Léon,Suisse
Léon,David
Léon,Monsieur
Emma,Léon
Emma,Suisse
Emma,David
Emma,Monsieur
Emma,Léon
Grand-Pont,Suisse
Grand-Pont,David
Grand-Pont,Monsieur
Grand-Pont,Léon
Grand-Pont,Emma
Napoléon,Suisse
Napoléon,David
Napoléon,Monsieur
Napoléon,Léon
Napoléon,Emma
Napoléon,Grand-Pont
Pierre Corneille,David
Pierre Corneille,Monsieur
Pierre Corneille,Léon
Pierre Corneille,Emma
Pierre Corneille,Grand-Pont
Pierre Corneille,Napoléon
Fayette,Monsieur
Fayette,Léon
Fayette,Emma
Fayette,Grand-Pont
Fayette,Napoléon
Fayette,Pierre Corneille
Quatremares,Oyssel
Sotteville,Oyssel
Sotteville,Quatremares
Grande-Chaussée,Oyssel
Grande-Chaussée,Quatremares
Grande-Chaussée,Sotteville
Elbeuf,Oyssel
Elbeuf,Quatremares
Elbeuf,Sotteville
Elbeuf,Grande-Chaussée
Saint-Sever,Oyssel
Saint-Sever,Quatremares
Saint-Sever,Sotteville
Saint-Sever,Grande-Chaussée
Saint-Sever,Elbeuf
Curandiers,Oyssel
Curandiers,Quatremares
Curandiers,Sotteville
Curandiers,Grande-Chaussée
Curandiers,Elbeuf
Curandiers,Saint-Sever
Champ-de-Mars,Oyssel
Champ-de-Mars,Quatremares
Champ-de-Mars,Sotteville
Champ-de-Mars,Grande-Chaussée
Champ-de-Mars,Elbeuf
Champ-de-Mars,Saint-Sever
Champ-de-Mars,Curandiers
Mont-Riboudet,Saint-Sever
Mont-Riboudet,Curandiers
Mont-Riboudet,Champ-de-Mars
Deville,Saint-Sever
Deville,Curandiers
Deville,Champ-de-Mars
Deville,Mont-Riboudet
Saint-Pol,Saint-Sever
Saint-Pol,Curandiers
Saint-Pol,Champ-de-Mars
Saint-Pol,Mont-Riboudet
Saint-Pol,Deville
Lescure,Curandiers
Lescure,Champ-de-Mars
Lescure,Mont-Riboudet
Lescure,Deville
Lescure,Saint-Pol
Gargan,Champ-de-Mars
Gargan,Mont-Riboudet
Gargan,Deville
Gargan,Saint-Pol
Gargan,Lescure
Rouge-Mare,Champ-de-Mars
Rouge-Mare,Mont-Riboudet
Rouge-Mare,Deville
Rouge-Mare,Saint-Pol
Rouge-Mare,Lescure
Rouge-Mare,Gargan
Gaillard-bois,Champ-de-Mars
Gaillard-bois,Mont-Riboudet
Gaillard-bois,Deville
Gaillard-bois,Saint-Pol
Gaillard-bois,Lescure
Gaillard-bois,Gargan
Gaillard-bois,Rouge-Mare
Saint-Romain,Champ-de-Mars
Saint-Romain,Mont-Riboudet
Saint-Romain,Deville
Saint-Romain,Saint-Pol
Saint-Romain,Lescure
Saint-Romain,Gargan
Saint-Romain,Rouge-Mare
Saint-Romain,Gaillard-bois
Saint-Vivien,Mont-Riboudet
Saint-Vivien,Deville
Saint-Vivien,Saint-Pol
Saint-Vivien,Lescure
Saint-Vivien,Gargan
Saint-Vivien,Rouge-Mare
Saint-Vivien,Gaillard-bois
Saint-Vivien,Saint-Romain
Saint-Maclou,Mont-Riboudet
Saint-Maclou,Deville
Saint-Maclou,Saint-Pol
Saint-Maclou,Lescure
Saint-Maclou,Gargan
Saint-Maclou,Rouge-Mare
Saint-Maclou,Gaillard-bois
Saint-Maclou,Saint-Romain
Saint-Maclou,Saint-Vivien
Saint-Nicaise,Mont-Riboudet
Saint-Nicaise,Deville
Saint-Nicaise,Saint-Pol
Saint-Nicaise,Lescure
Saint-Nicaise,Gargan
Saint-Nicaise,Rouge-Mare
Saint-Nicaise,Gaillard-bois
Saint-Nicaise,Saint-Romain
Saint-Nicaise,Saint-Vivien
Saint-Nicaise,Saint-Maclou
Vieille-Tour,Mont-Riboudet
Vieille-Tour,Deville
Vieille-Tour,Saint-Pol
Vieille-Tour,Lescure
Vieille-Tour,Gargan
Vieille-Tour,Rouge-Mare
Vieille-Tour,Gaillard-bois
Vieille-Tour,Saint-Romain
Vieille-Tour,Saint-Vivien
Vieille-Tour,Saint-Maclou
Vieille-Tour,Saint-Nicaise
Trois-Pipes,Mont-Riboudet
Trois-Pipes,Deville
Trois-Pipes,Saint-Pol
Trois-Pipes,Lescure
Trois-Pipes,Gargan
Trois-Pipes,Rouge-Mare
Trois-Pipes,Gaillard-bois
Trois-Pipes,Saint-Romain
Trois-Pipes,Saint-Vivien
Trois-Pipes,Saint-Maclou
Trois-Pipes,Saint-Nicaise
Trois-Pipes,Vieille-Tour
II,Beauvoisine
Bovary,Beauvoisine
Bovary,II
Hivert,Beauvoisine
Hivert,II
Hivert,Bovary
Charles,Beauvoisine
Charles,II
Charles,Bovary
Charles,Hivert
Quincampoix,Charles
Félicité,Quincampoix
Hivert,Quincampoix
Hivert,Félicité
Madame,Quincampoix
Madame,Félicité
Madame,Hivert
M. Homais,Quincampoix
M. Homais,Félicité
M. Homais,Hivert
M. Homais,Madame
Yonville,Félicité
Yonville,Hivert
Yonville,Madame
Yonville,M. Homais
Rouen,Yonville
Homais,Rouen
Justin,Rouen
Justin,Homais
Justin,Homais
Athalie,Homais
Papa,Homais
Papa,Athalie
Emma,Homais
Emma,Athalie
Emma,Papa
Emma,Damoclès
Homais,Emma
Dieu,Emma
Dieu,Homais
Justin,Emma
Justin,Homais
Justin,Dieu
Homais,Emma
Homais,Dieu
Homais,Justin
Madame Homais,Justin
Madame Homais,Homais
Napoléon,Athalie
Emma,Athalie
Emma,Napoléon
Bovary,Athalie
Bovary,Napoléon
Bovary,Emma
Emma,Napoléon
Emma,Bovary
Charles,Napoléon
Charles,Emma
Charles,Bovary
Charles,Emma
M. Homais,Emma
M. Homais,Bovary
M. Homais,Emma
M. Homais,Charles
Emma,Bovary
Emma,Charles
Emma,M. Homais
M. Homais,Emma
M. Homais,Charles
M. Homais,Emma
Charles,Emma
Emma,Doudeville
Charles,Doudeville
Charles,Emma
Bovary,Charles
Emma,Charles
Emma,Bovary
Hippolyte,Bovary
Hippolyte,Emma
Madame,Bovary
Madame,Emma
Madame,Hippolyte
Bovary,Hippolyte
Bovary,Madame
Léon,Bovary
Charles,Bovary
Charles,Léon
Bovary,Léon
Bovary,Charles
Emma,Léon
Emma,Charles
Emma,Bovary
Charles,Bovary
Charles,Emma
Madame Bovary,Bovary
Madame Bovary,Emma
Madame Bovary,Charles
Emma,Charles
Emma,Madame Bovary
Charles,Bovary
Berthe,Bovary
Berthe,Charles
M. Lheureux,Bovary
M. Lheureux,Charles
M. Lheureux,Berthe
Emma,Bovary
Emma,Charles
Emma,Berthe
Emma,M. Lheureux
Charles,M. Lheureux
Charles,Emma
M. Lheureux,Charles
M. Lheureux,Charles
Emma,Charles
Emma,M. Lheureux
Emma,M. Lheureux
Charles,Emma
Lheureux,Emma
Lheureux,Charles
Bovary,Lheureux
Monsieur,Lheureux
Monsieur,Bovary
Lheureux,Bovary
Lheureux,Monsieur
Madame,Bovary
Madame,Monsieur
Madame,Lheureux
Emma,Homais
Charles,Homais
Charles,Emma
Bovary,Homais
Bovary,Emma
Bovary,Charles
Emma,Charles
Emma,Bovary
Bovary,Charles
Bovary,Emma
Charles,Lheureux
M. Guillaumin,Lheureux
M. Guillaumin,Charles
Léon,Lheureux
Léon,Charles
Léon,M. Guillaumin
Charles,Lheureux
Charles,M. Guillaumin
Charles,Léon
Rouen,Léon
Rouen,Charles
M. Léon,Léon
M. Léon,Charles
M. Léon,Rouen
III,Rouen
III,M. Léon
Boulogne,Rouen
Boulogne,M. Léon
Boulogne,III
Dodolphe,Adolphe
Léon,Adolphe
Léon,Dodolphe
Rolet,Adolphe
Rolet,Dodolphe
Rolet,Léon
IV,Rolet
Léon,Rolet
Léon,IV
Artémise,Lefrançois
Binet,Lefrançois
Binet,Artémise
Léon,Lefrançois
Léon,Artémise
Léon,Binet
Madame,Artémise
Madame,Binet
Madame,Léon
Monsieur,Binet
Monsieur,Léon
Monsieur,Madame
Emma,Madame
Emma,Monsieur
M. Lheureux,Emma
Lheureux,Emma
Lheureux,M. Lheureux
Rolet,M. Lheureux
Rolet,Lheureux
Charles,Rolet
Emma,Charles
Barfeuchères,Charles
Barfeuchères,Emma
Liégeard,Charles
Liégeard,Emma
Liégeard,Barfeuchères
Bovary,Emma
Bovary,Barfeuchères
Bovary,Liégeard
Madame,Bovary
Rousseau,Bovary
Rousseau,Madame
Charles,Madame
Charles,Rousseau
Emma,Madame
Emma,Rousseau
Emma,Charles
Bovary,Rousseau
Bovary,Charles
Bovary,Emma
Charles,V
Artémise,Charles
Madame,Artémise
Emma,Artémise
Emma,Madame
Hivert,Artémise
Hivert,Madame
Hivert,Emma
Lefrançois,Artémise
Lefrançois,Madame
Lefrançois,Emma
Lefrançois,Hivert
Emma,Artémise
Emma,Madame
Emma,Hivert
Emma,Lefrançois
Emma,Hivert
Hivert,Babylone
Guillaume,Babylone
Guillaume,Hivert
Emma,Babylone
Emma,Hivert
Emma,Guillaume
Champagne,Emma
Léon,Emma
Léon,Champagne
Emma,Croix
Léon,Croix
Léon,Emma
Hivert,Emma
Saint-Romain,Emma
Saint-Romain,Hivert
Hivert,Emma
Charles,Emma
Madame,Emma
Madame,Charles
Emma,Charles
Emma,Madame
Justin,Emma
Emma,Justin
Léon,Emma
Emma,Léon
Rouen,Emma
Justin,Emma
Justin,Rouen
Paris,Emma
Paris,Rouen
Paris,Justin
Emma,Paris
Lempereur,Emma
Charles,Emma
Charles,Lempereur
Liégeard,Emma
Liégeard,Lempereur
Liégeard,Charles
Rouen,Emma
Rouen,Lempereur
Rouen,Charles
Rouen,Liégeard
Lempereur,Charles
Lempereur,Liégeard
Lempereur,Rouen
Charles,Rouen
Charles,Lempereur
Charles,Rouen
Charles,Lempereur
FÉLICIE LEMPEREUR,Charles
FÉLICIE LEMPEREUR,Charles
M. Bournisien,Charles
Tuvache,Charles
Tuvache,M. Bournisien
Rouen,Charles
Rouen,M. Bournisien
Rouen,Tuvache
Madame,Charles
Madame,M. Bournisien
Madame,Tuvache
Madame,Rouen
Croix,Charles
Croix,M. Bournisien
Croix,Tuvache
Croix,Rouen
Croix,Madame
Bournisien,Charles
Bournisien,M. Bournisien
Bournisien,Tuvache
Bournisien,Rouen
Bournisien,Madame
Bournisien,Croix
Yonville,Charles
Yonville,M. Bournisien
Yonville,Tuvache
Yonville,Rouen
Yonville,Madame
Yonville,Croix
Yonville,Bournisien
Bovary,Charles
Bovary,M. Bournisien
Bovary,Tuvache
Bovary,Rouen
Bovary,Madame
Bovary,Croix
Bovary,Bournisien
Bovary,Yonville
Croix,Bovary
M. Lheureux,Croix
Boulogne,Croix
Boulogne,M. Lheureux
Léon,Croix
Léon,M. Lheureux
Léon,Boulogne
Lheureux,Croix
Lheureux,M. Lheureux
Lheureux,Boulogne
Lheureux,Léon
Charles,M. Lheureux
Charles,Boulogne
Charles,Léon
Charles,Lheureux
Emma,M. Lheureux
Emma,Boulogne
Emma,Léon
Emma,Lheureux
Emma,Charles
Aumale,Barneville
M. Bovary,Barneville
M. Bovary,Aumale
Lheureux,Barneville
Lheureux,Aumale
Lheureux,M. Bovary
Emma,Lheureux
Lheureux,Emma
Langlois,Emma
Langlois,Lheureux
Langlois,Lheureux
Emma,Langlois
Emma,Langlois
Bovary,M. Lheureux
Emma,M. Lheureux
Emma,Bovary
Lheureux,Bovary
Lheureux,Emma
Vinçart,Bovary
Vinçart,Emma
Vinçart,Lheureux
Rouen,Bovary
Rouen,Emma
Rouen,Lheureux
Rouen,Vinçart
Madame,Emma
Madame,Lheureux
Madame,Vinçart
Madame,Rouen
Vinçart,Emma
Vinçart,Lheureux
Vinçart,Rouen
Vinçart,Madame
Emma,Madame
Emma,Vinçart
Charles,Emma
Lheureux,Charles
Lheureux,Charles
Monsieur,Charles
Monsieur,Lheureux
Emma,Charles
Emma,Lheureux
Emma,Monsieur
Emma,Lheureux
Emma,Monsieur
M. Lheureux,Lheureux
M. Lheureux,Monsieur
M. Lheureux,Emma
M. Lheureux,Emma
Bovary,Emma
Bovary,M. Lheureux
Bovary,Emma
Emma,Bovary
Charles,Emma
Charles,Bovary
Charles,Emma
Emma,Bovary
Emma,Charles
Emma,Bovary
Emma,Charles
Dieu,Emma
Dieu,Charles
Dieu,Emma
Dieu,Emma
Charles,Emma
Charles,Emma
Charles,Emma
Charles,Dieu
Charles,Emma
Charles,Dieu
Bovary,Emma
Bovary,Dieu
Bovary,Charles
Bovary,Charles
Charles,Bovary
Emma,Bovary
Emma,Charles
M. Guillaumin,Charles
M. Guillaumin,Emma
Charles,Emma
Charles,M. Guillaumin
Léon,M. Guillaumin
Léon,Charles
Emma,Léon
Rodolphe,Léon
Rodolphe,Emma
Yonville,Emma
Yonville,Rodolphe
Charles,Emma
Charles,Rodolphe
Charles,Yonville
Berthe,Emma
Berthe,Rodolphe
Berthe,Yonville
Berthe,Charles
Justin,Emma
Justin,Rodolphe
Justin,Yonville
Justin,Charles
Justin,Berthe
M. Homais,Emma
M. Homais,Rodolphe
M. Homais,Yonville
M. Homais,Charles
M. Homais,Berthe
M. Homais,Justin
Charles,Emma
Charles,Rodolphe
Charles,Yonville
Charles,Berthe
Charles,Justin
Charles,M. Homais
Croix,Yonville
Croix,Charles
Croix,Berthe
Croix,Justin
Croix,M. Homais
Croix,Charles
Charles,Berthe
Charles,Justin
Charles,M. Homais
Charles,Croix
Charles,Croix
M. Lormeaux,Charles
Lormeaux,Charles
Lormeaux,M. Lormeaux
Rouen,Charles
Rouen,M. Lormeaux
Rouen,Lormeaux
Dubreuil,Charles
Dubreuil,M. Lormeaux
Dubreuil,Lormeaux
Dubreuil,Rouen
Dubreuil,Charles
Dubreuil,M. Lormeaux
Dubreuil,Lormeaux
Dubreuil,Rouen
Lempereur,M. Lormeaux
Lempereur,Lormeaux
Lempereur,Rouen
Lempereur,Dubreuil
Lempereur,Dubreuil
Renelle-des-Maroquiniers,M. Lormeaux
Renelle-des-Maroquiniers,Lormeaux
Renelle-des-Maroquiniers,Rouen
Renelle-des-Maroquiniers,Dubreuil
Renelle-des-Maroquiniers,Dubreuil
Renelle-des-Maroquiniers,Lempereur
Emma,M. Lormeaux
Emma,Lormeaux
Emma,Rouen
Emma,Dubreuil
Emma,Dubreuil
Emma,Lempereur
Emma,Renelle-des-Maroquiniers
Lempereur,Renelle-des-Maroquiniers
Lempereur,Emma
Emma,Renelle-des-Maroquiniers
Emma,Lempereur
Léon,Emma
Louis XIII,Léon
Léon,Louis XIII
Léon,VI
M. Homais,VI
M. Homais,Léon
Homais,VI
Homais,Léon
Homais,M. Homais
Rouen,Homais
Bovary,Rouen
Breda-street,Rouen
Breda-street,Bovary
Emma,Bovary
Emma,Breda-street
M. Homais,Bovary
M. Homais,Breda-street
M. Homais,Emma
M. Homais,Léon
Normandie,Léon
Normandie,M. Homais
Emma,Léon
Emma,M. Homais
Emma,Normandie
Léon,M. Homais
Léon,Normandie
Léon,Emma
Quoiqu',Homais
Pomard,Homais
Pomard,Quoiqu'
Léon,Homais
Léon,Quoiqu'
Léon,Pomard
Rouen,Pomard
Rouen,Léon
Yonville,Léon
Yonville,Rouen
Bovary,Léon
Bovary,Rouen
Bovary,Yonville
Léon,Rouen
Léon,Yonville
Léon,Bovary
Homais,Léon
Léon,Homais
Yes,Homais
Yes,Léon
Homais,Léon
Homais,Yes
Boulogne,Homais
Léon,Homais
Léon,Boulogne
M. Homais,Boulogne
M. Homais,Léon
Léon,M. Homais
Monsieur,M. Homais
Monsieur,Léon
Léon,Monsieur
Bridoux,Léon
Bridoux,Monsieur
Bridoux,Léon
Léon,Monsieur
Léon,Bridoux
Cujas,Monsieur
Cujas,Léon
Cujas,Bridoux
Cujas,Léon
Bartole,Monsieur
Bartole,Léon
Bartole,Bridoux
Bartole,Léon
Bartole,Cujas
Bridoux,Léon
Bridoux,Léon
Bridoux,Cujas
Bridoux,Bartole
Léon,Bridoux
Léon,Cujas
Léon,Bartole
Léon,Bridoux
Emma,Bridoux
Emma,Léon
Emma,Cujas
Emma,Bartole
Emma,Bridoux
Emma,Léon
M. Homais,Léon
M. Homais,Cujas
M. Homais,Bartole
M. Homais,Bridoux
M. Homais,Léon
M. Homais,Emma
Bridoux,Cujas
Bridoux,Bartole
Bridoux,Léon
Bridoux,Emma
Bridoux,M. Homais
Malpalu,Bartole
Malpalu,Bridoux
Malpalu,Léon
Malpalu,Emma
Malpalu,M. Homais
Malpalu,Bridoux
Bridoux,Léon
Bridoux,Emma
Bridoux,M. Homais
Bridoux,Malpalu
Seltz,Emma
Seltz,M. Homais
Seltz,Bridoux
Seltz,Malpalu
Seltz,Bridoux
Homais,Emma
Homais,M. Homais
Homais,Bridoux
Homais,Malpalu
Homais,Bridoux
Homais,Seltz
Bridoux,Malpalu
Bridoux,Seltz
Bridoux,Homais
Léon,Bridoux
Léon,Malpalu
Léon,Bridoux
Léon,Seltz
Léon,Homais
Léon,Bridoux
Rouen,Bridoux
Rouen,Seltz
Rouen,Homais
Rouen,Bridoux
Rouen,Léon
Thomassin,Bridoux
Thomassin,Seltz
Thomassin,Homais
Thomassin,Bridoux
Thomassin,Léon
Thomassin,Rouen
Emma,Seltz
Emma,Homais
Emma,Bridoux
Emma,Léon
Emma,Rouen
Emma,Thomassin
Emma,Léon
Yonville,Emma
Léon,Lagardy
M. Vinçart,Emma
Rouen,Emma
Rouen,M. Vinçart
Lheureux,Emma
Lheureux,M. Vinçart
Lheureux,Rouen
Vinçart,M. Vinçart
Vinçart,Rouen
Vinçart,Lheureux
M. Vinçart,Lheureux
M. Vinçart,Vinçart
Emma,Lheureux
Emma,Vinçart
Emma,M. Vinçart
Buchy,M. Vinçart
Buchy,Emma
Lheureux,Buchy
Madame,Buchy
Madame,Lheureux
M. Lheureux,Madame
Bovary,Madame
Bovary,M. Lheureux
Tellier,M. Lheureux
Tellier,Bovary
Quincampoix,M. Lheureux
Quincampoix,Bovary
Quincampoix,Tellier
Lheureux,M. Lheureux
Lheureux,Bovary
Lheureux,Tellier
Lheureux,Quincampoix
M. Vinçart,Emma
Vinçart,Emma
Vinçart,M. Vinçart
M. Lheureux,Emma
M. Lheureux,M. Vinçart
M. Lheureux,Vinçart
Monsieur,M. Lheureux
Lheureux,Monsieur
Vinçart,Monsieur
Vinçart,Lheureux
Emma,Lheureux
Emma,Vinçart
M. Lheureux,Lheureux
M. Lheureux,Vinçart
M. Lheureux,Emma
Barneville,Vinçart
Barneville,Emma
Barneville,M. Lheureux
Langlois,Emma
Langlois,M. Lheureux
Langlois,Barneville
Vinçart,Langlois
Madame,Vinçart
Lheureux,Madame
Emma,Lheureux
Bovary,Lheureux
Bovary,Emma
Barneville,Emma
Barneville,Bovary
Madame,Emma
Madame,Bovary
Madame,Barneville
Félicité,M. Lheureux
Lefrançois,M. Lheureux
Lefrançois,Félicité
Croix,M. Lheureux
Croix,Félicité
Croix,Lefrançois
Barneville,M. Lheureux
Barneville,Félicité
Barneville,Lefrançois
Barneville,Croix
Homais,Berthe
Charles,Berthe
Charles,Homais
Berthe,Homais
Berthe,Charles
Lestiboudois,Berthe
Charles,Lestiboudois
Madame,Lestiboudois
Madame,Charles
Rouen,Madame
Charles,Rouen
Léon,Charles
Léon,Rouault
Léon,Dubocage
Léon,Dubocage
Emma,Dubocage
Emma,Dubocage
Emma,Léon
Léon,Emma
Yonville,Emma
Léon,Yonville
Emma,Léon
Berthe,Sainte-Catherine
Léon,Sainte-Catherine
Léon,Berthe
Boulogne,Sainte-Catherine
Boulogne,Berthe
Boulogne,Léon
Nesle,Croix
Hivert,Croix
Hivert,Nesle
Félicité,Croix
Félicité,Nesle
Félicité,Hivert
Bovary,Nesle
Bovary,Hivert
Bovary,Félicité
Lheureux,Bovary
Dieu,Lheureux
Vinçart,Dieu
Lheureux,Vinçart
Vinçart,Lheureux
Annette,Emma
Emma,Annette
Lheureux,Annette
Lheureux,Emma
VII,Lheureux
Bovary,Lheureux
Bovary,VII
Félicité,Rodolphe
Bovary,Félicité
Charles,Félicité
Charles,Bovary
Emma,Félicité
Emma,Bovary
Emma,Charles
Charles,Emma
Rouen,Charles
Rouen,Charles
Léon,Charles
Léon,Rouen
Boulogne,Léon
Léon,Boulogne
Charles,Boulogne
Charles,Léon
Rouault,Boulogne
Rouault,Léon
Rouault,Charles
Léon,Charles
Léon,Rouault
Léon,Charles
Léon,Rouault
Emma,Léon
Emma,Morel
Yonville,Emma
Yonville,Emma
Rouennais,Emma
Rouennais,Yonville
Homais,Croix
Madame Homais,Croix
Madame Homais,Homais
Emma,M. Homais
Hivert,M. Homais
M. Homais,Hivert
Hivert,M. Homais
Hivert,M. Homais
Emma,M. Homais
Emma,Hivert
M. Homais,Hivert
M. Homais,Emma
Emma,M. Homais
Lheureux,Emma
Justin,Lheureux
M. Homais,Lheureux
M. Homais,Justin
Lefrançois,Lheureux
Lefrançois,Justin
Lefrançois,M. Homais
Madame,Lheureux
Madame,Justin
Madame,M. Homais
Madame,Lefrançois
Félicité,Justin
Félicité,M. Homais
Félicité,Lefrançois
Félicité,Madame
Emma,Justin
Emma,M. Homais
Emma,Lefrançois
Emma,Madame
Emma,Félicité
Félicité,Lefrançois
Félicité,Madame
Félicité,Emma
M. Guillaumin,Madame
M. Guillaumin,Félicité
M. Guillaumin,Emma
M. Guillaumin,Félicité
Esméralda,Théodore
Steuben,Théodore
Steuben,Esméralda
Putiphar,Théodore
Putiphar,Esméralda
Putiphar,Steuben
Schopin,Théodore
Schopin,Esméralda
Schopin,Steuben
Schopin,Putiphar
Emma,Esméralda
Emma,Steuben
Emma,Putiphar
Emma,Schopin
Monsieur,Emma
Guillaumin,Monsieur
Vinçart,Guillaumin
Lheureux,Vinçart
Havre,Grumesnil
Monsieur,Emma
Bovary,Monsieur
Emma,Félicité
Yonville,Félicité
Yonville,Emma
Félicité,Emma
Félicité,Yonville
Emma,Félicité
Emma,Yonville
Emma,Félicité
Charles,Félicité
Charles,Emma
Charles,Yonville
Charles,Félicité
Charles,Emma
Lheureux,Bovary
Lestiboudois,Lheureux
Caron,Lestiboudois
Binet,Lestiboudois
Binet,Caron
Tuvache,Binet
Binet,Tuvache
Binet,Tuvache
Tuvache,Binet
Tuvache,Binet
Binet,Tuvache
Binet,Tuvache
Bautzen,Tuvache
Bautzen,Binet
Lutzen,Tuvache
Lutzen,Binet
Lutzen,Bautzen
France,Tuvache
France,Binet
France,Bautzen
France,Lutzen
Madame,Tuvache
Madame,Binet
Madame,Bautzen
Madame,Lutzen
Madame,France
Tuvache,Bautzen
Tuvache,Lutzen
Tuvache,France
Tuvache,Madame
Caron,Bautzen
Caron,Lutzen
Caron,France
Caron,Madame
Caron,Tuvache
Grande-Rue,Bautzen
Grande-Rue,Lutzen
Grande-Rue,France
Grande-Rue,Madame
Grande-Rue,Tuvache
Grande-Rue,Caron
Rolet,France
Rolet,Madame
Rolet,Tuvache
Rolet,Caron
Rolet,Grande-Rue
Rolet,Madame
Rolet,Tuvache
Rolet,Caron
Rolet,Grande-Rue
Binet,Grande-Rue
Binet,Rolet
Binet,Rolet
Rolet,Léon
Bovary,Lheureux
Emma,Lheureux
Emma,Bovary
Emma,Rolet
Rodolphe,Rolet
Rodolphe,Emma
Huchette,Rodolphe
VIII,Rodolphe
VIII,Huchette
Rodolphe,Emma
Emma,Rodolphe
Emma,Charles
Félicité,Charles
Félicité,Emma
Homais,Charles
Homais,Emma
Homais,Félicité
M. Tuvache,Charles
M. Tuvache,Emma
M. Tuvache,Félicité
M. Tuvache,Homais
Lheureux,Charles
Lheureux,Emma
Lheureux,Félicité
Lheureux,Homais
Lheureux,M. Tuvache
Berthe,Charles
Berthe,Emma
Berthe,Félicité
Berthe,Homais
Berthe,M. Tuvache
Berthe,Lheureux
Rouen,Félicité
Rouen,Homais
Rouen,M. Tuvache
Rouen,Lheureux
Rouen,Berthe
Homais,Félicité
Lefrançois,Félicité
Lefrançois,Homais
Charles,Félicité
Charles,Homais
Charles,Lefrançois
M. Canivet,Félicité
M. Canivet,Homais
M. Canivet,Lefrançois
M. Canivet,Charles
Larivière,Félicité
Larivière,Homais
Larivière,Lefrançois
Larivière,Charles
Larivière,M. Canivet
Hippolyte,Lefrançois
Hippolyte,Charles
Hippolyte,M. Canivet
Hippolyte,Larivière
Neufchâtel,Charles
Neufchâtel,M. Canivet
Neufchâtel,Larivière
Neufchâtel,Hippolyte
Justin,Charles
Justin,M. Canivet
Justin,Larivière
Justin,Hippolyte
Justin,Neufchâtel
Bovary,Charles
Bovary,M. Canivet
Bovary,Larivière
Bovary,Hippolyte
Bovary,Neufchâtel
Bovary,Justin
Guillaume,Charles
Guillaume,M. Canivet
Guillaume,Larivière
Guillaume,Hippolyte
Guillaume,Neufchâtel
Guillaume,Justin
Guillaume,Bovary
Charles,M. Canivet
Charles,Larivière
Charles,Hippolyte
Charles,Neufchâtel
Charles,Justin
Charles,Bovary
Charles,Guillaume
Charles,M. Canivet
Charles,Larivière
Charles,Hippolyte
Charles,Neufchâtel
Charles,Justin
Charles,Bovary
Charles,Guillaume
Homais,Hippolyte
Homais,Neufchâtel
Homais,Justin
Homais,Bovary
Homais,Guillaume
Homais,Charles
Homais,Charles
Charles,Emma
Bovary,Félicité
Berthe,Félicité
Berthe,Bovary
Emma,Bovary
Emma,Berthe
Charles,Bovary
Charles,Berthe
Charles,Emma
Canivet,Emma
Canivet,Charles
Félicité,Charles
Homais,Charles
Homais,Félicité
M. Canivet,Charles
M. Canivet,Félicité
M. Canivet,Homais
Homais,Charles
Homais,Félicité
Homais,M. Canivet
Bovary,Félicité
Bovary,Homais
Bovary,M. Canivet
Bovary,Homais
Canivet,Félicité
Canivet,Homais
Canivet,M. Canivet
Canivet,Homais
Canivet,Bovary
Larivière,Homais
Larivière,Bovary
Larivière,Canivet
Bovary,Canivet
Bovary,Larivière
Canivet,Bovary
Canivet,Larivière
Canivet,Bovary
Homais,Canivet
Homais,Larivière
Homais,Bovary
Homais,Canivet
Bichat,Larivière
Bichat,Bovary
Bichat,Canivet
Bichat,Homais
Canivet,Emma
Bovary,Emma
Bovary,Canivet
Canivet,Emma
Canivet,Bovary
Charles,Emma
Charles,Canivet
Charles,Bovary
Charles,Canivet
Charles,Bovary
Charles,Canivet
Larivière,Canivet
Larivière,Charles
Larivière,Charles
Canivet,Charles
Canivet,Larivière
Emma,Charles
Emma,Larivière
Emma,Canivet
M. Larivière,Larivière
M. Larivière,Canivet
M. Larivière,Emma
Tuvache,Canivet
Tuvache,Emma
Tuvache,M. Larivière
Lestiboudois,Canivet
Lestiboudois,Emma
Lestiboudois,M. Larivière
Lestiboudois,Tuvache
Homais,Emma
Homais,M. Larivière
Homais,Tuvache
Homais,Lestiboudois
Homais,Tuvache
Homais,Lestiboudois
Homais,Justin
Canivet,Homais
Homais,Canivet
Bovary,Canivet
Bovary,Homais
Madame Homais,Gassicourt
Homais,Gassicourt
Homais,Madame Homais
Saccharum,Gassicourt
Saccharum,Madame Homais
Saccharum,Homais
M. Larivière,Gassicourt
M. Larivière,Madame Homais
M. Larivière,Homais
M. Larivière,Saccharum
Homais,Gassicourt
Homais,Madame Homais
Homais,Saccharum
Homais,M. Larivière
Tuvache,M. Larivière
Tuvache,Homais
M. Binet,M. Larivière
M. Binet,Homais
M. Binet,Tuvache
Caron,Tuvache
Caron,M. Binet
Lheureux,Tuvache
Lheureux,M. Binet
Lheureux,Caron
Lestiboudois,Tuvache
Lestiboudois,M. Binet
Lestiboudois,Caron
Lestiboudois,Lheureux
Lefrançois,Tuvache
Lefrançois,M. Binet
Lefrançois,Caron
Lefrançois,Lheureux
Lefrançois,Lestiboudois
M. Bournisien,Tuvache
M. Bournisien,M. Binet
M. Bournisien,Caron
M. Bournisien,Lheureux
M. Bournisien,Lestiboudois
M. Bournisien,Lefrançois
Homais,M. Binet
Homais,Caron
Homais,Lheureux
Homais,Lestiboudois
Homais,Lefrançois
Homais,M. Bournisien
Bovary,M. Bournisien
Bovary,Homais
Canivet,M. Bournisien
Canivet,Homais
Canivet,Bovary
M. Larivière,M. Bournisien
M. Larivière,Homais
M. Larivière,Bovary
M. Larivière,Canivet
Charles,Emma
Misereatur,Homme-Dieu
Indulgentiam,Homme-Dieu
Indulgentiam,Misereatur
Emma,Jésus-Christ
M. Bournisien,Jésus-Christ
M. Bournisien,Emma
Bovary,Emma
Bovary,M. Bournisien
Charles,Emma
Charles,M. Bournisien
Charles,Bovary
M. Canivet,Félicité
Bournisien,Félicité
Bournisien,M. Canivet
Charles,Félicité
Charles,M. Canivet
Charles,Bournisien
Emma,Félicité
Emma,M. Canivet
Emma,Bournisien
Emma,Charles
Bovary,Bournisien
Bovary,Charles
Bovary,Emma
Emma,Bovary
Nanette,Emma
Emma,Nanette
IX,Nanette
IX,Emma
Charles,IX
Homais,IX
Homais,Charles
Canivet,IX
Canivet,Charles
Canivet,Homais
Charles,Homais
Charles,Canivet
M. Homais,Homais
M. Homais,Canivet
M. Homais,Charles
Yonville,Charles
Yonville,M. Homais
Bovary,M. Homais
Bovary,Yonville
Yonvillais,Bovary
Homais,Bovary
Homais,Yonvillais
Bovary,Yonvillais
Bovary,Homais
M. Canivet,Bovary
M. Canivet,Yonvillais
M. Canivet,Homais
M. Canivet,Bovary
Homais,Bovary
Homais,M. Canivet
Charles,M. Canivet
Charles,Homais
Homais,Charles
Charles,Homais
Charles,Homais
Bovary,Homais
Bovary,Charles
Bovary,Homais
Bovary,Charles
M. Tuvache,Charles
M. Tuvache,Homais
M. Tuvache,Charles
M. Tuvache,Bovary
Charles,Homais
Charles,Bovary
Charles,M. Tuvache
M. Tuvache,Homais
M. Tuvache,Charles
M. Tuvache,Bovary
M. Tuvache,Charles
Homais,Charles
Homais,Bovary
Homais,M. Tuvache
Homais,Charles
Homais,M. Tuvache
Charles,Bovary
Dieu,Bovary
Dieu,Charles
Charles,Bovary
Charles,Dieu
Dieu,Charles
Dieu,Charles
Bovary,Charles
Bovary,Dieu
Bovary,Charles
Bovary,Dieu
Charles,Dieu
Charles,Dieu
Charles,Bovary
Félicité,Charles
M. Homais,Charles
M. Homais,Félicité
Charles,Félicité
Charles,M. Homais
M. Bournisien,Félicité
M. Bournisien,M. Homais
M. Bournisien,Charles
Homais,Charles
Homais,M. Bournisien
Bournisien,Homais
Dieu,Homais
Dieu,Bournisien
Homais,Bournisien
Homais,Dieu
Charles,Dieu
Charles,Homais
Emma,Homais
Emma,Charles
M. Bournisien,Charles
Homais,Charles
Homais,M. Bournisien
Charles,M. Bournisien
Charles,Homais
Voltaire,Charles
Voltaire,M. Bournisien
Voltaire,Homais
Voltaire,Charles
Holbach,M. Bournisien
Holbach,Homais
Holbach,Charles
Holbach,Voltaire
Nicolas,M. Bournisien
Nicolas,Homais
Nicolas,Charles
Nicolas,Voltaire
Nicolas,Holbach
Bournisien,Charles
Bournisien,Voltaire
Bournisien,Holbach
Bournisien,Nicolas
Homais,Charles
Homais,Voltaire
Homais,Holbach
Homais,Nicolas
Homais,Bournisien
Charles,Voltaire
Charles,Holbach
Charles,Nicolas
Charles,Bournisien
Charles,Homais
Emma,Charles
Emma,Charles
Bovary,Emma
Bovary,Emma
Charles,Emma
Charles,Emma
Charles,Bovary
Charles,Emma
Charles,Emma
Charles,Bovary
Berthe,Bovary
Berthe,Charles
Berthe,Charles
Homais,Bovary
Homais,Charles
Homais,Charles
Homais,Berthe
Félicité,Bovary
Félicité,Charles
Félicité,Charles
Félicité,Berthe
Félicité,Homais
Lefrançois,Bovary
Lefrançois,Charles
Lefrançois,Charles
Lefrançois,Berthe
Lefrançois,Homais
Lefrançois,Félicité
Homais,Berthe
Homais,Félicité
Homais,Lefrançois
Lefrançois,Homais
Bovary,Homais
Bovary,Lefrançois
Emma,Homais
Emma,Lefrançois
Emma,Bovary
Félicité,Homais
Félicité,Lefrançois
Félicité,Bovary
Félicité,Emma
Dieu,Félicité
Lefrançois,Félicité
Lefrançois,Dieu
Homais,Monsieur
Bournisien,Homais
Bournisien,Homais
Fribourg,Homais
Fribourg,Bournisien
M. Bournisien,Homais
Charles,M. Bournisien
Emma,Charles
Tostes,Charles
Tostes,Emma
Rouen,Emma
Rouen,Tostes
Bertaux,Emma
Bertaux,Tostes
Bertaux,Rouen
Homais,Félicité
M. Bournisien,Homais
Homais,M. Bournisien
Félicité,Homais
Félicité,M. Bournisien
Félicité,Homais
Yonville,Charles
Rouault,Charles
Rouault,Yonville
X,Yonville
X,Rouault
M. Homais,Yonville
M. Homais,Rouault
M. Homais,X
Rouault,M. Homais
Bertaux,Rouault
Vassonville,Rouault
Vassonville,Bertaux
Maromme,Rouault
Maromme,Bertaux
Maromme,Vassonville
Emma,Bovary
M. Bournisien,Dieu
Lestiboudois,Dieu
Lestiboudois,M. Bournisien
Charles,M. Bournisien
Charles,Lestiboudois
Bovary,Hippolyte
Charles,Justin
Lestiboudois,Bournisien
M. Homais,Bournisien
M. Homais,Lestiboudois
Charles,Bournisien
Charles,Lestiboudois
Charles,M. Homais
Rouault,M. Homais
Rouault,Charles
Homais,Charles
Homais,Rouault
M. Binet,Rouault
M. Binet,Homais
Tuvache,Rouault
Tuvache,Homais
Tuvache,M. Binet
Théodore,Rouault
Théodore,Homais
Théodore,M. Binet
Théodore,Tuvache
Emma,Homais
Emma,M. Binet
Emma,Tuvache
Emma,Théodore
Lheureux,Homais
Lheureux,M. Binet
Lheureux,Tuvache
Lheureux,Théodore
Lheureux,Emma
Homais,Emma
Homais,Lheureux
Charles,Emma
Charles,Lheureux
Charles,Homais
Rouault,Homais
Rouault,Charles
Madame Bovary,Homais
Madame Bovary,Charles
Madame Bovary,Rouault
Tostes,Charles
Tostes,Rouault
Tostes,Madame Bovary
Bertaux,Tostes
Charles,Saint-Victor
Yonville,Charles
Charles,Yonville
Rodolphe,Charles
Rodolphe,Yonville
Rodolphe,Charles
Léon,Yonville
Léon,Charles
Léon,Rodolphe
Lestiboudois,Léon
Justin,Léon
Justin,Lestiboudois
XI,Lestiboudois
XI,Justin
Charles,Lestiboudois
Charles,Justin
Charles,XI
Berthe,Lestiboudois
Berthe,Justin
Berthe,XI
Berthe,Charles
Bovary,Lestiboudois
Bovary,Justin
Bovary,XI
Bovary,Charles
Bovary,Berthe
M. Lheureux,XI
M. Lheureux,Charles
M. Lheureux,Berthe
M. Lheureux,Bovary
Vinçart,XI
Vinçart,Charles
Vinçart,Berthe
Vinçart,Bovary
Vinçart,M. Lheureux
Charles,XI
Charles,Berthe
Charles,Bovary
Charles,M. Lheureux
Charles,Vinçart
Mademoiselle Lempereur,Bovary
Mademoiselle Lempereur,M. Lheureux
Mademoiselle Lempereur,Vinçart
Mademoiselle Lempereur,Charles
Emma,M. Lheureux
Emma,Vinçart
Emma,Charles
Emma,Mademoiselle Lempereur
Bovary,Vinçart
Bovary,Charles
Bovary,Mademoiselle Lempereur
Bovary,Emma
Rolet,Mademoiselle Lempereur
Rolet,Emma
Rolet,Bovary
Charles,Mademoiselle Lempereur
Charles,Emma
Charles,Bovary
Charles,Rolet
Charles,Mademoiselle Lempereur
Charles,Emma
Charles,Bovary
Charles,Rolet
Félicité,Rolet
Félicité,Charles
Félicité,Charles
Madame,Rolet
Madame,Charles
Madame,Charles
Madame,Félicité
Charles,Félicité
Charles,Madame
Yonville,Félicité
Yonville,Madame
Yonville,Charles
Théodore,Félicité
Théodore,Madame
Théodore,Charles
Théodore,Yonville
Dupuis,Madame
Dupuis,Charles
Dupuis,Yonville
Dupuis,Théodore
M. Léon Dupuis,Charles
M. Léon Dupuis,Yonville
M. Léon Dupuis,Théodore
M. Léon Dupuis,Dupuis
Yvetot,Charles
Yvetot,Yonville
Yvetot,Théodore
Yvetot,Dupuis
Yvetot,M. Léon Dupuis
Léocadie Lebœuf,Charles
Léocadie Lebœuf,Yonville
Léocadie Lebœuf,Théodore
Léocadie Lebœuf,Dupuis
Léocadie Lebœuf,M. Léon Dupuis
Léocadie Lebœuf,Yvetot
Bondeville,Charles
Bondeville,Yonville
Bondeville,Théodore
Bondeville,Dupuis
Bondeville,M. Léon Dupuis
Bondeville,Yvetot
Bondeville,Léocadie Lebœuf
Charles,Yonville
Charles,Théodore
Charles,Dupuis
Charles,M. Léon Dupuis
Charles,Yvetot
Charles,Léocadie Lebœuf
Charles,Bondeville
Emma,Dupuis
Emma,M. Léon Dupuis
Emma,Yvetot
Emma,Léocadie Lebœuf
Emma,Bondeville
Emma,Charles
Rodolphe,Yvetot
Rodolphe,Léocadie Lebœuf
Rodolphe,Bondeville
Rodolphe,Charles
Rodolphe,Emma
Charles,Emma
Charles,Rodolphe
Emma,Rodolphe
Emma,Charles
R,Emma
R,Rodolphe
R,Charles
R,Emma
Rodolphe,Charles
Rodolphe,Emma
Rodolphe,R
Charles,Emma
Charles,R
Charles,Rodolphe
Berthe,Charles
Rouen,Justin
M. Homais,Justin
M. Homais,Rouen
Bois-Guillaume,Justin
Bois-Guillaume,Rouen
Bois-Guillaume,M. Homais
Homais,Justin
Homais,Rouen
Homais,M. Homais
Homais,Bois-Guillaume
Rouen,Homais
Picardie,Rouen
Bois-Guillaume,Rouen
Bois-Guillaume,Picardie
Bois-Guillaume,Homais
Homais,Bois-Guillaume
Saint-Barthélemy,Homais
Homais,Saint-Barthélemy
Yonville,Saint-Barthélemy
Yonville,Homais
Pulvermacher,Seine-Inférieure
Homais,Seine-Inférieure
Homais,Pulvermacher
Emma,Seine-Inférieure
Emma,Pulvermacher
Emma,Homais
Vesta,Pulvermacher
Vesta,Homais
Vesta,Emma
Homais,Emma
Homais,Vesta
Charles,Emma
Charles,Vesta
Charles,Homais
Rouen,Emma
Rouen,Vesta
Rouen,Homais
Rouen,Charles
Vaufrylard,Emma
Vaufrylard,Vesta
Vaufrylard,Homais
Vaufrylard,Charles
Vaufrylard,Rouen
Bridoux,Emma
Bridoux,Vesta
Bridoux,Homais
Bridoux,Charles
Bridoux,Rouen
Bridoux,Vaufrylard
Rouen,Homais
Rouen,Charles
Rouen,Vaufrylard
Rouen,Bridoux
Charles,Homais
Charles,Rouen
Charles,Vaufrylard
Charles,Bridoux
Charles,Rouen
Homais,Charles
Homais,Rouen
Homais,Vaufrylard
Homais,Bridoux
Homais,Rouen
Homais,Charles
Sta,Rouen
Sta,Vaufrylard
Sta,Bridoux
Sta,Rouen
Sta,Charles
Sta,Homais
Sta,Vaufrylard
Sta,Bridoux
Sta,Rouen
Sta,Charles
Sta,Homais
Bovary,Rouen
Bovary,Charles
Bovary,Homais
Bovary,Sta
Bovary,Sta
Emma,Rouen
Emma,Charles
Emma,Homais
Emma,Sta
Emma,Sta
Emma,Bovary
M. Bournisien,Bovary
M. Bournisien,Emma
Homais,M. Bournisien
Voltaire,M. Bournisien
Voltaire,Homais
Bovary,M. Bournisien
Bovary,Homais
Bovary,Voltaire
Lheureux,M. Bournisien
Lheureux,Homais
Lheureux,Voltaire
Lheureux,Bovary
Emma,Homais
Emma,Voltaire
Emma,Bovary
Emma,Lheureux
Félicité,Voltaire
Félicité,Bovary
Félicité,Lheureux
Félicité,Emma
Charles,Voltaire
Charles,Bovary
Charles,Lheureux
Charles,Emma
Charles,Félicité
Charles,Lheureux
Charles,Emma
Charles,Félicité
Napoléon,Charles
Athalie,Charles
Athalie,Napoléon
Irma,Charles
Irma,Napoléon
Irma,Athalie
Franklin,Napoléon
Franklin,Athalie
Franklin,Irma
Pythagore,Napoléon
Pythagore,Athalie
Pythagore,Irma
Pythagore,Franklin
Homais,Napoléon
Homais,Athalie
Homais,Irma
Homais,Franklin
Homais,Pythagore
M.,Homais
Henri IV,Homais
Henri IV,M.
Emma,Charles
Léon,Charles
Léon,Emma
Rodolphe,Emma
Rodolphe,Léon
Lefrançois,Binet
M. Lheureux,Binet
M. Lheureux,Lefrançois
Hivert,Binet
Hivert,Lefrançois
Hivert,M. Lheureux
Argueil,Lefrançois
Argueil,M. Lheureux
Argueil,Hivert
Rodolphe,Lefrançois
Rodolphe,M. Lheureux
Rodolphe,Hivert
Rodolphe,Argueil
Rodolphe,M. Lheureux
Rodolphe,Hivert
Rodolphe,Argueil
Charles,Argueil
Charles,Rodolphe
Charles,Rodolphe
Rodolphe,Charles
Rodolphe,Charles
Charles,Rodolphe
Rodolphe,Charles
Rodolphe,Charles
Rodolphe,Charles
Rodolphe,Charles
Charles,Rodolphe
Charles,Rodolphe
Charles,Rodolphe
Rodolphe,Charles
Charles,Rodolphe
Charles,Rodolphe
Charles,Rodolphe
Berthe,Charles
Berthe,Charles
Papa,Charles
Papa,Berthe
M. Canivet,Berthe
M. Canivet,Papa
Bovary,Papa
Bovary,M. Canivet
Rouault,Papa
Rouault,M. Canivet
Rouault,Bovary
Bovary,M. Canivet
Bovary,Rouault
Yonville,M. Canivet
Yonville,Bovary
Yonville,Rouault
Yonville,Bovary
M. Homais,M. Canivet
M. Homais,Bovary
M. Homais,Rouault
M. Homais,Bovary
M. Homais,Yonville
